المنطقة,المدينة,نوع السند الرئيسي,تاريخ القرار ميلادي,الرقم المرجعي
 الرياض,الرياض,مزاد,2025/10/01,"16,377,871"
 الرياض,الرياض,قسمة تركة,2025/10/01,"16,385,143"
 الرياض,الرياض,قسمة تركة,2025/10/01,"16,385,145"
 مكة المكرمه,مكة المكرمة,مزاد,2025/10/01,"16,377,869"
 مكة المكرمه,جده,قسمة تركة,2025/10/01,"16,385,146"
 المدينة المنوره,المدينة المنورة,قسمة تركة,2025/10/01,"16,385,147"
 المدينة المنوره,المدينة المنورة,مزاد,2025/10/01,"16,385,142"
 تبوك,تبوك,قسمة تركة,2025/10/01,"16,385,149"
 حائل,حائل,قسمة تركة,2025/10/01,"16,385,144"
 الرياض,الرياض,قسمة تركة,2025/10/02,"16,389,495"
 مكة المكرمه,جده,قسمة تركة,2025/10/02,"16,391,848"
 الرياض,الرياض,قسمة تركة,2025/10/05,"16,415,627"
 الرياض,الرياض,قسمة تركة,2025/10/05,"16,412,439"
 مكة المكرمه,جده,أوراق تجارية,2025/10/05,"16,414,900"
 الرياض,الرياض,أوراق تجارية,2025/10/06,"16,427,414"
 الرياض,الرياض,قسمة تركة,2025/10/06,"16,426,403"
 الرياض,الرياض,قسمة تركة,2025/10/06,"16,422,833"
 مكة المكرمه,مكة المكرمة,قسمة تركة,2025/10/06,"16,426,408"
 مكة المكرمه,مكة المكرمة,احكام و قرارات,2025/10/06,"16,427,407"
 مكة المكرمه,مكة المكرمة,قسمة تركة,2025/10/06,"16,427,311"
 مكة المكرمه,مكة المكرمة,قسمة تركة,2025/10/06,"16,427,312"
 مكة المكرمه,مكة المكرمة,قسمة تركة,2025/10/06,"16,426,401"
 مكة المكرمه,مكة المكرمة,قسمة تركة,2025/10/06,"16,427,400"
 مكة المكرمه,مكة المكرمة,قسمة تركة,2025/10/06,"16,427,403"
 مكة المكرمه,مكة المكرمة,قسمة تركة,2025/10/06,"16,427,406"
 مكة المكرمه,مكة المكرمة,قسمة تركة,2025/10/06,"16,426,405"
 مكة المكرمه,جده,قسمة تركة,2025/10/06,"16,427,313"
 مكة المكرمه,جده,قسمة تركة,2025/10/06,"16,426,407"
 مكة المكرمه,جده,قسمة تركة,2025/10/06,"16,427,314"
 القصيم,بريده,قسمة تركة,2025/10/06,"16,427,315"
 القصيم,بريده,قسمة تركة,2025/10/06,"16,427,410"
 القصيم,بريده,قسمة تركة,2025/10/06,"16,427,411"
 القصيم,بريده,قسمة تركة,2025/10/06,"16,427,316"
 القصيم,بريده,قسمة تركة,2025/10/06,"16,426,402"
 الشرقية,الدمام,قسمة تركة,2025/10/06,"16,423,299"
 تبوك,تبوك,قسمة تركة,2025/10/06,"16,425,489"
 الحدود الشمالية,عرعر,قسمة تركة,2025/10/06,"16,426,404"
 الرياض,الرياض,مزاد,2025/10/07,"16,436,764"
 الرياض,الرياض,قسمة تركة,2025/10/07,"16,435,515"
 الرياض,الرياض,أوراق تجارية,2025/10/07,"16,436,765"
 الرياض,الرياض,قسمة تركة,2025/10/07,"16,435,512"
 الرياض,الرياض,قسمة تركة,2025/10/07,"16,434,397"
 الرياض,الرياض,قسمة تركة,2025/10/07,"16,432,493"
 الرياض,الرياض,مزاد,2025/10/07,"16,435,522"
 الرياض,الرياض,مزاد,2025/10/07,"16,435,514"
 الرياض,الرياض,قسمة تركة,2025/10/07,"16,438,733"
 الرياض,الرياض,قسمة تركة,2025/10/07,"16,434,402"
 الرياض,الرياض,قسمة تركة,2025/10/07,"16,432,420"
 الرياض,الرياض,قسمة تركة,2025/10/07,"16,432,553"
 الرياض,الرياض,قسمة تركة,2025/10/07,"16,432,413"
 الرياض,الرياض,قسمة تركة,2025/10/07,"16,432,421"
 الرياض,الرياض,قسمة تركة,2025/10/07,"16,432,536"
 مكة المكرمه,مكة المكرمة,قسمة تركة,2025/10/07,"16,434,398"
 مكة المكرمه,جده,احكام و قرارات,2025/10/07,"16,435,519"
 مكة المكرمه,جده,قسمة تركة,2025/10/07,"16,435,518"
 مكة المكرمه,جده,مزاد,2025/10/07,"16,428,425"
 مكة المكرمه,جده,احكام و قرارات,2025/10/07,"16,435,524"
 الشرقية,الدمام,قسمة تركة,2025/10/07,"16,435,521"
 الشرقية,الدمام,قسمة تركة,2025/10/07,"16,435,513"
 الشرقية,الدمام,قسمة تركة,2025/10/07,"16,434,405"
 الشرقية,الاحساء,قسمة تركة,2025/10/07,"16,435,520"
 الشرقية,حفر الباطن,قسمة تركة,2025/10/07,"16,435,523"
 الشرقية,حفر الباطن,قسمة تركة,2025/10/07,"16,435,511"
 عسير,ابها,أوراق تجارية إلكترونية,2025/10/07,"16,432,414"
 عسير,ابها,مزاد,2025/10/07,"16,432,417"
 عسير,ابها,قسمة تركة,2025/10/07,"16,432,593"
 تبوك,تبوك,قسمة تركة,2025/10/07,"16,440,450"
 حائل,حائل,قسمة تركة,2025/10/07,"16,432,429"
 حائل,حائل,قسمة تركة,2025/10/07,"16,432,592"
 الحدود الشمالية,عرعر,قسمة تركة,2025/10/07,"16,432,419"
 الحدود الشمالية,عرعر,قسمة تركة,2025/10/07,"16,434,396"
 الرياض,الرياض,قسمة تركة,2025/10/12,"16,478,850"
 الرياض,الرياض,قسمة تركة,2025/10/12,"16,478,846"
 الرياض,الرياض,مزاد,2025/10/12,"16,480,870"
 مكة المكرمه,مكة المكرمة,مزاد,2025/10/12,"16,478,852"
 مكة المكرمه,مكة المكرمة,مزاد,2025/10/12,"16,478,851"
 مكة المكرمه,جده,مزاد,2025/10/12,"16,478,849"
 مكة المكرمه,جده,قسمة تركة,2025/10/12,"16,478,845"
 مكة المكرمه,جده,قسمة تركة,2025/10/12,"16,478,843"
 مكة المكرمه,الطائف,مزاد,2025/10/12,"16,478,847"
 المدينة المنوره,المدينة المنورة,قسمة تركة,2025/10/12,"16,480,867"
 المدينة المنوره,المدينة المنورة,مزاد,2025/10/12,"16,480,864"
 المدينة المنوره,المدينة المنورة,مزاد,2025/10/12,"16,478,231"
 المدينة المنوره,المدينة المنورة,قسمة تركة,2025/10/12,"16,478,844"
 المدينة المنوره,المدينة المنورة,قسمة تركة,2025/10/12,"16,478,848"
 المدينة المنوره,المدينة المنورة,مزاد,2025/10/12,"16,478,855"
 القصيم,بريده,قسمة تركة,2025/10/12,"16,478,233"
 الشرقية,الدمام,قسمة تركة,2025/10/12,"16,480,869"
 الشرقية,حفر الباطن,قسمة تركة,2025/10/12,"16,480,865"
 الشرقية,حفر الباطن,مزاد,2025/10/12,"16,478,842"
 الشرقية,حفر الباطن,قسمة تركة,2025/10/12,"16,480,868"
 القصيم,بريده,قسمة تركة,2025/10/13,"16,483,706"
 الشرقية,الدمام,قسمة تركة,2025/10/13,"16,492,762"
 الشرقية,الدمام,قسمة تركة,2025/10/13,"16,490,669"
 الرياض,الرياض,قسمة تركة,2025/10/14,"16,509,760"
 مكة المكرمه,مكة المكرمة,قسمة تركة,2025/10/14,"16,506,479"
 مكة المكرمه,مكة المكرمة,قسمة تركة,2025/10/14,"16,506,476"
 مكة المكرمه,جده,احكام و قرارات,2025/10/14,"16,504,603"
 القصيم,بريده,قسمة تركة,2025/10/14,"16,497,830"
 الشرقية,الدمام,اخلاء,2025/10/14,"16,509,127"
 الشرقية,الاحساء,قسمة تركة,2025/10/14,"16,508,690"
 الشرقية,حفر الباطن,مزاد,2025/10/14,"16,499,607"
 تبوك,تبوك,قسمة تركة,2025/10/14,"16,509,293"
 الرياض,الرياض,اخلاء,2025/10/15,"16,517,331"
 الرياض,الرياض,قسمة تركة,2025/10/15,"16,519,572"
 الرياض,الرياض,قسمة تركة,2025/10/15,"16,517,337"
 الرياض,الرياض,قسمة تركة,2025/10/15,"16,517,591"
 الرياض,الرياض,اخلاء,2025/10/15,"16,517,332"
 مكة المكرمه,مكة المكرمة,قسمة تركة,2025/10/15,"16,517,334"
 مكة المكرمه,جده,قسمة تركة,2025/10/15,"16,517,328"
 مكة المكرمه,جده,قسمة تركة,2025/10/15,"16,517,333"
 المدينة المنوره,المدينة المنورة,قسمة تركة,2025/10/15,"16,517,338"
 المدينة المنوره,المدينة المنورة,قسمة تركة,2025/10/15,"16,517,329"
 القصيم,بريده,قسمة تركة,2025/10/15,"16,517,335"
 الشرقية,الدمام,مزاد,2025/10/15,"16,517,330"
 الجوف,سكاكا,قسمة تركة,2025/10/15,"16,517,894"
 الجوف,سكاكا,قسمة تركة,2025/10/15,"16,517,057"
 الرياض,الرياض,قسمة تركة,2025/10/16,"16,526,255"
 الرياض,الرياض,مزاد,2025/10/16,"16,528,132"
 الرياض,الرياض,مزاد,2025/10/16,"16,528,114"
 الرياض,الرياض,مزاد,2025/10/16,"16,528,108"
 الرياض,الرياض,مزاد,2025/10/16,"16,527,986"
 الرياض,الرياض,أوراق تجارية,2025/10/16,"16,528,130"
 الرياض,الرياض,مزاد,2025/10/16,"16,528,073"
 الرياض,الرياض,قسمة تركة,2025/10/16,"16,528,120"
 الرياض,الرياض,قسمة تركة,2025/10/16,"16,528,127"
 الرياض,الرياض,احكام و قرارات,2025/10/16,"16,526,595"
 الرياض,الرياض,مزاد,2025/10/16,"16,526,273"
 الرياض,الرياض,أوراق تجارية,2025/10/16,"16,528,113"
 الرياض,الرياض,قسمة تركة,2025/10/16,"16,526,253"
 الرياض,الرياض,قسمة تركة,2025/10/16,"16,528,111"
 الرياض,الرياض,قسمة تركة,2025/10/16,"16,528,126"
 الرياض,الرياض,قسمة تركة,2025/10/16,"16,526,241"
 الرياض,الرياض,قسمة تركة,2025/10/16,"16,526,260"
 مكة المكرمه,مكة المكرمة,قسمة تركة,2025/10/16,"16,527,513"
 مكة المكرمه,مكة المكرمة,قسمة تركة,2025/10/16,"16,526,274"
 مكة المكرمه,مكة المكرمة,مزاد,2025/10/16,"16,526,265"
 مكة المكرمه,مكة المكرمة,قسمة تركة,2025/10/16,"16,528,062"
 مكة المكرمه,مكة المكرمة,قسمة تركة,2025/10/16,"16,526,086"
 مكة المكرمه,مكة المكرمة,مزاد,2025/10/16,"16,526,269"
 مكة المكرمه,مكة المكرمة,مزاد,2025/10/16,"16,526,999"
 مكة المكرمه,مكة المكرمة,قسمة تركة,2025/10/16,"16,526,263"
 مكة المكرمه,مكة المكرمة,قسمة تركة,2025/10/16,"16,526,248"
 مكة المكرمه,مكة المكرمة,قسمة تركة,2025/10/16,"16,526,276"
 مكة المكرمه,جده,قسمة تركة,2025/10/16,"16,528,125"
 مكة المكرمه,جده,قسمة تركة,2025/10/16,"16,528,068"
 مكة المكرمه,جده,قسمة تركة,2025/10/16,"16,526,257"
 مكة المكرمه,جده,احكام و قرارات,2025/10/16,"16,527,512"
 مكة المكرمه,جده,مزاد,2025/10/16,"16,526,259"
 مكة المكرمه,جده,احكام و قرارات,2025/10/16,"16,528,076"
 مكة المكرمه,جده,قسمة تركة,2025/10/16,"16,526,246"
 مكة المكرمه,جده,قسمة تركة,2025/10/16,"16,528,135"
 مكة المكرمه,جده,أوراق تجارية,2025/10/16,"16,528,063"
 مكة المكرمه,جده,مزاد,2025/10/16,"16,526,085"
 مكة المكرمه,جده,قسمة تركة,2025/10/16,"16,526,242"
 مكة المكرمه,جده,قسمة تركة,2025/10/16,"16,528,070"
 مكة المكرمه,جده,أوراق تجارية,2025/10/16,"16,528,067"
 مكة المكرمه,جده,مزاد,2025/10/16,"16,528,134"
 مكة المكرمه,جده,أوراق تجارية,2025/10/16,"16,528,061"
 مكة المكرمه,جده,مزاد,2025/10/16,"16,526,256"
 مكة المكرمه,جده,قسمة تركة,2025/10/16,"16,526,261"
 مكة المكرمه,جده,قسمة تركة,2025/10/16,"16,528,121"
 مكة المكرمه,جده,قسمة تركة,2025/10/16,"16,528,071"
 مكة المكرمه,جده,قسمة تركة,2025/10/16,"16,528,065"
 مكة المكرمه,الطائف,قسمة تركة,2025/10/16,"16,528,124"
 مكة المكرمه,الطائف,قسمة تركة,2025/10/16,"16,528,069"
 المدينة المنوره,المدينة المنورة,قسمة تركة,2025/10/16,"16,528,072"
 المدينة المنوره,المدينة المنورة,قسمة تركة,2025/10/16,"16,526,596"
 المدينة المنوره,المدينة المنورة,قسمة تركة,2025/10/16,"16,526,240"
 المدينة المنوره,المدينة المنورة,قسمة تركة,2025/10/16,"16,528,109"
 المدينة المنوره,المدينة المنورة,مزاد,2025/10/16,"16,526,243"
 القصيم,بريده,قسمة تركة,2025/10/16,"16,520,531"
 القصيم,بريده,قسمة تركة,2025/10/16,"16,528,133"
 القصيم,بريده,قسمة تركة,2025/10/16,"16,524,867"
 القصيم,بريده,قسمة تركة,2025/10/16,"16,526,279"
 القصيم,بريده,قسمة تركة,2025/10/16,"16,526,992"
 القصيم,بريده,قسمة تركة,2025/10/16,"16,526,251"
 القصيم,بريده,قسمة تركة,2025/10/16,"16,526,266"
 القصيم,بريده,قسمة تركة,2025/10/16,"16,526,996"
 القصيم,بريده,قسمة تركة,2025/10/16,"16,526,264"
 الشرقية,الدمام,قسمة تركة,2025/10/16,"16,526,250"
 الشرقية,الدمام,قسمة تركة,2025/10/16,"16,528,107"
 الشرقية,الدمام,قسمة تركة,2025/10/16,"16,528,075"
 الشرقية,الدمام,قسمة تركة,2025/10/16,"16,528,066"
 الشرقية,الدمام,قسمة تركة,2025/10/16,"16,528,131"
 الشرقية,الدمام,قسمة تركة,2025/10/16,"16,528,064"
 الشرقية,الدمام,قسمة تركة,2025/10/16,"16,526,249"
 الشرقية,الدمام,قسمة تركة,2025/10/16,"16,528,123"
 الشرقية,الاحساء,مزاد,2025/10/16,"16,528,129"
 الشرقية,الاحساء,قسمة تركة,2025/10/16,"16,528,122"
 الشرقية,الاحساء,قسمة تركة,2025/10/16,"16,528,119"
 الشرقية,الاحساء,مزاد,2025/10/16,"16,528,118"
 عسير,ابها,قسمة تركة,2025/10/16,"16,526,247"
 تبوك,تبوك,قسمة تركة,2025/10/16,"16,526,270"
 تبوك,تبوك,قسمة تركة,2025/10/16,"16,526,275"
 تبوك,تبوك,قسمة تركة,2025/10/16,"16,527,000"
 حائل,حائل,مزاد,2025/10/16,"16,526,997"
 حائل,حائل,قسمة تركة,2025/10/16,"16,526,239"
 حائل,حائل,قسمة تركة,2025/10/16,"16,526,268"
 جازان,جيزان,قسمة تركة,2025/10/16,"16,526,267"
 جازان,جيزان,قسمة تركة,2025/10/16,"16,526,254"
 جازان,جيزان,قسمة تركة,2025/10/16,"16,528,074"
 جازان,جيزان,قسمة تركة,2025/10/16,"16,528,116"
 جازان,جيزان,قسمة تركة,2025/10/16,"16,528,077"
 جازان,جيزان,قسمة تركة,2025/10/16,"16,526,262"
 نجران,نجران,قسمة تركة,2025/10/16,"16,526,277"
 الجوف,سكاكا,قسمة تركة,2025/10/16,"16,526,258"
 الجوف,سكاكا,قسمة تركة,2025/10/16,"16,526,238"
 الجوف,سكاكا,قسمة تركة,2025/10/16,"16,526,245"
 الحدود الشمالية,عرعر,قسمة تركة,2025/10/16,"16,526,252"
 الحدود الشمالية,عرعر,قسمة تركة,2025/10/16,"16,526,278"
 الباحة,الباحه,مزاد,2025/10/16,"16,528,115"
 الباحة,الباحه,قسمة تركة,2025/10/16,"16,526,993"
 الباحة,الباحه,أوراق تجارية,2025/10/16,"16,528,110"
 الباحة,الباحه,أوراق تجارية,2025/10/16,"16,528,112"
 الباحة,الباحه,أوراق تجارية,2025/10/16,"16,528,117"
 الباحة,الباحه,أوراق تجارية,2025/10/16,"16,528,128"
 الباحة,الباحه,أوراق تجارية,2025/10/16,"16,526,597"
 مكة المكرمه,جده,مزاد,2025/10/17,"16,534,472"
 الرياض,الرياض,قسمة تركة,2025/10/19,"16,555,634"
 الرياض,الرياض,قسمة تركة,2025/10/19,"16,555,633"
 الرياض,الرياض,قسمة تركة,2025/10/19,"16,554,132"
 الرياض,الرياض,قسمة تركة,2025/10/19,"16,554,135"
 الرياض,الرياض,قسمة تركة,2025/10/19,"16,554,131"
 مكة المكرمه,مكة المكرمة,مزاد,2025/10/19,"16,554,127"
 مكة المكرمه,مكة المكرمة,أوراق تجارية,2025/10/19,"16,554,122"
 مكة المكرمه,مكة المكرمة,قسمة تركة,2025/10/19,"16,550,045"
 مكة المكرمه,جده,قسمة تركة,2025/10/19,"16,554,815"
 مكة المكرمه,جده,قسمة تركة,2025/10/19,"16,544,086"
 مكة المكرمه,جده,قسمة تركة,2025/10/19,"16,544,031"
 مكة المكرمه,جده,قسمة تركة,2025/10/19,"16,554,800"
 مكة المكرمه,الطائف,قسمة تركة,2025/10/19,"16,554,124"
 مكة المكرمه,الطائف,قسمة تركة,2025/10/19,"16,554,133"
 مكة المكرمه,الطائف,مزاد,2025/10/19,"16,554,129"
 مكة المكرمه,الطائف,قسمة تركة,2025/10/19,"16,554,123"
 الشرقية,الدمام,عقود,2025/10/19,"16,554,121"
 الشرقية,الدمام,اخلاء,2025/10/19,"16,554,128"
 الشرقية,الدمام,أوراق تجارية إلكترونية,2025/10/19,"16,554,130"
 الحدود الشمالية,عرعر,قسمة تركة,2025/10/19,"16,554,125"
 الرياض,الرياض,مزاد,2025/10/20,"16,564,199"
 الرياض,الرياض,مزاد,2025/10/20,"16,564,822"
 الرياض,الرياض,قسمة تركة,2025/10/20,"16,564,217"
 الرياض,الرياض,مزاد,2025/10/20,"16,564,825"
 الرياض,الرياض,قسمة تركة,2025/10/20,"16,564,196"
 الرياض,الرياض,قسمة تركة,2025/10/20,"16,564,197"
 مكة المكرمه,مكة المكرمة,قسمة تركة,2025/10/20,"16,564,195"
 مكة المكرمه,جده,أوراق تجارية,2025/10/20,"16,564,823"
 مكة المكرمه,جده,مزاد,2025/10/20,"16,564,208"
 مكة المكرمه,جده,احكام و قرارات,2025/10/20,"16,564,216"
 القصيم,بريده,قسمة تركة,2025/10/20,"16,557,125"
 القصيم,بريده,قسمة تركة,2025/10/20,"16,557,101"
 الشرقية,الدمام,قسمة تركة,2025/10/20,"16,564,215"
 الشرقية,الدمام,قسمة تركة,2025/10/20,"16,564,207"
 الرياض,الرياض,اخلاء,2025/10/21,"16,570,301"
 الرياض,الرياض,قسمة تركة,2025/10/21,"16,570,291"
 الرياض,الرياض,قسمة تركة,2025/10/21,"16,570,294"
 الرياض,الرياض,قسمة تركة,2025/10/21,"16,570,285"
 مكة المكرمه,مكة المكرمة,قسمة تركة,2025/10/21,"16,580,210"
 مكة المكرمه,جده,أوراق تجارية,2025/10/21,"16,578,256"
 مكة المكرمه,جده,أوراق تجارية,2025/10/21,"16,578,257"
 مكة المكرمه,جده,أوراق تجارية,2025/10/21,"16,578,258"
 مكة المكرمه,جده,أوراق تجارية,2025/10/21,"16,570,299"
 مكة المكرمه,جده,أوراق تجارية,2025/10/21,"16,570,300"
 مكة المكرمه,جده,أوراق تجارية,2025/10/21,"16,570,290"
 مكة المكرمه,جده,قسمة تركة,2025/10/21,"16,570,298"
 مكة المكرمه,جده,قسمة تركة,2025/10/21,"16,570,522"
 مكة المكرمه,جده,قسمة تركة,2025/10/21,"16,570,295"
 مكة المكرمه,جده,قسمة تركة,2025/10/21,"16,570,297"
 مكة المكرمه,الطائف,قسمة تركة,2025/10/21,"16,572,773"
 مكة المكرمه,الطائف,قسمة تركة,2025/10/21,"16,572,772"
 المدينة المنوره,المدينة المنورة,قسمة تركة,2025/10/21,"16,570,287"
 المدينة المنوره,المدينة المنورة,قسمة تركة,2025/10/21,"16,570,293"
 المدينة المنوره,المدينة المنورة,قسمة تركة,2025/10/21,"16,570,289"
 الشرقية,الدمام,اخلاء,2025/10/21,"16,570,286"
 عسير,ابها,قسمة تركة,2025/10/21,"16,570,288"
 الحدود الشمالية,عرعر,قسمة تركة,2025/10/21,"16,570,296"
 الرياض,الرياض,احكام و قرارات,2025/10/22,"16,592,580"
 الرياض,الرياض,مزاد,2025/10/22,"16,592,609"
 الرياض,الرياض,قسمة تركة,2025/10/22,"16,592,614"
 الرياض,الرياض,أوراق تجارية إلكترونية,2025/10/22,"16,592,558"
 الرياض,الرياض,قسمة تركة,2025/10/22,"16,592,610"
 الرياض,الرياض,قسمة تركة,2025/10/22,"16,592,563"
 الرياض,الرياض,قسمة تركة,2025/10/22,"16,592,595"
 الرياض,الرياض,قسمة تركة,2025/10/22,"16,592,589"
 الرياض,الرياض,قسمة تركة,2025/10/22,"16,592,569"
 الرياض,الرياض,قسمة تركة,2025/10/22,"16,592,567"
 الرياض,الرياض,قسمة تركة,2025/10/22,"16,592,588"
 الرياض,الرياض,قسمة تركة,2025/10/22,"16,592,598"
 الرياض,الرياض,قسمة تركة,2025/10/22,"16,592,577"
 الرياض,الرياض,قسمة تركة,2025/10/22,"16,592,601"
 الرياض,الرياض,قسمة تركة,2025/10/22,"16,592,593"
 مكة المكرمه,مكة المكرمة,قسمة تركة,2025/10/22,"16,592,596"
 مكة المكرمه,مكة المكرمة,قسمة تركة,2025/10/22,"16,592,605"
 مكة المكرمه,مكة المكرمة,عقود,2025/10/22,"16,592,556"
 مكة المكرمه,مكة المكرمة,قسمة تركة,2025/10/22,"16,592,572"
 مكة المكرمه,مكة المكرمة,قسمة تركة,2025/10/22,"16,592,555"
 مكة المكرمه,مكة المكرمة,قسمة تركة,2025/10/22,"16,592,568"
 مكة المكرمه,مكة المكرمة,قسمة تركة,2025/10/22,"16,592,611"
 مكة المكرمه,مكة المكرمة,قسمة تركة,2025/10/22,"16,592,586"
 مكة المكرمه,مكة المكرمة,قسمة تركة,2025/10/22,"16,592,607"
 مكة المكرمه,مكة المكرمة,قسمة تركة,2025/10/22,"16,592,591"
 مكة المكرمه,الطائف,قسمة تركة,2025/10/22,"16,592,874"
 مكة المكرمه,الطائف,قسمة تركة,2025/10/22,"16,592,873"
 مكة المكرمه,الطائف,قسمة تركة,2025/10/22,"16,592,559"
 مكة المكرمه,الطائف,قسمة تركة,2025/10/22,"16,592,600"
 المدينة المنوره,المدينة المنورة,قسمة تركة,2025/10/22,"16,592,584"
 المدينة المنوره,المدينة المنورة,قسمة تركة,2025/10/22,"16,592,594"
 المدينة المنوره,المدينة المنورة,عقود,2025/10/22,"16,592,603"
 المدينة المنوره,المدينة المنورة,مزاد,2025/10/22,"16,592,602"
 المدينة المنوره,المدينة المنورة,قسمة تركة,2025/10/22,"16,592,608"
 القصيم,بريده,قسمة تركة,2025/10/22,"16,592,573"
 القصيم,بريده,قسمة تركة,2025/10/22,"16,592,566"
 القصيم,بريده,مزاد,2025/10/22,"16,592,599"
 القصيم,بريده,قسمة تركة,2025/10/22,"16,592,578"
 الشرقية,الدمام,قسمة تركة,2025/10/22,"16,592,612"
 الشرقية,الاحساء,قسمة تركة,2025/10/22,"16,592,565"
 الشرقية,الاحساء,قسمة تركة,2025/10/22,"16,592,592"
 الشرقية,الاحساء,قسمة تركة,2025/10/22,"16,592,574"
 الشرقية,الاحساء,أوراق تجارية,2025/10/22,"16,592,557"
 الشرقية,الاحساء,قسمة تركة,2025/10/22,"16,592,571"
 الشرقية,الاحساء,قسمة تركة,2025/10/22,"16,592,575"
 الشرقية,حفر الباطن,قسمة تركة,2025/10/22,"16,592,583"
 الشرقية,حفر الباطن,قسمة تركة,2025/10/22,"16,592,561"
 الشرقية,حفر الباطن,قسمة تركة,2025/10/22,"16,592,582"
 الشرقية,حفر الباطن,قسمة تركة,2025/10/22,"16,592,581"
 عسير,ابها,قسمة تركة,2025/10/22,"16,592,587"
 عسير,ابها,قسمة تركة,2025/10/22,"16,592,585"
 عسير,ابها,قسمة تركة,2025/10/22,"16,592,604"
 عسير,ابها,قسمة تركة,2025/10/22,"16,592,597"
 تبوك,تبوك,قسمة تركة,2025/10/22,"16,592,562"
 حائل,حائل,قسمة تركة,2025/10/22,"16,592,590"
 حائل,حائل,قسمة تركة,2025/10/22,"16,592,576"
 حائل,حائل,مزاد,2025/10/22,"16,592,560"
 الحدود الشمالية,عرعر,أوراق تجارية,2025/10/22,"16,592,564"
 الحدود الشمالية,عرعر,قسمة تركة,2025/10/22,"16,592,570"
 الرياض,الرياض,أوراق تجارية,2025/10/23,"16,603,317"
 الرياض,الرياض,اخلاء,2025/10/23,"16,597,911"
 الرياض,الرياض,قسمة تركة,2025/10/23,"16,603,308"
 الرياض,الرياض,قسمة تركة,2025/10/23,"16,603,339"
 الرياض,الرياض,احكام و قرارات,2025/10/23,"16,600,751"
 الرياض,الرياض,قسمة تركة,2025/10/23,"16,600,798"
 الرياض,الرياض,قسمة تركة,2025/10/23,"16,603,344"
 الرياض,الرياض,قسمة تركة,2025/10/23,"16,603,340"
 مكة المكرمه,مكة المكرمة,قسمة تركة,2025/10/23,"16,603,314"
 مكة المكرمه,مكة المكرمة,قسمة تركة,2025/10/23,"16,603,307"
 مكة المكرمه,مكة المكرمة,قسمة تركة,2025/10/23,"16,603,327"
 مكة المكرمه,مكة المكرمة,قسمة تركة,2025/10/23,"16,603,315"
 مكة المكرمه,جده,قسمة تركة,2025/10/23,"16,603,310"
 مكة المكرمه,جده,قسمة تركة,2025/10/23,"16,603,331"
 مكة المكرمه,الطائف,قسمة تركة,2025/10/23,"16,603,330"
 المدينة المنوره,المدينة المنورة,قسمة تركة,2025/10/23,"16,603,333"
 المدينة المنوره,المدينة المنورة,قسمة تركة,2025/10/23,"16,603,334"
 المدينة المنوره,المدينة المنورة,قسمة تركة,2025/10/23,"16,603,328"
 المدينة المنوره,المدينة المنورة,قسمة تركة,2025/10/23,"16,603,336"
 القصيم,بريده,مزاد,2025/10/23,"16,603,338"
 القصيم,بريده,مزاد,2025/10/23,"16,603,318"
 الشرقية,الدمام,قسمة تركة,2025/10/23,"16,603,306"
 الشرقية,الدمام,اخلاء,2025/10/23,"16,600,753"
 الشرقية,الدمام,قسمة تركة,2025/10/23,"16,603,343"
 الشرقية,الدمام,قسمة تركة,2025/10/23,"16,603,326"
 الشرقية,الدمام,قسمة تركة,2025/10/23,"16,603,324"
 الشرقية,الدمام,عقود,2025/10/23,"16,603,337"
 الشرقية,الدمام,قسمة تركة,2025/10/23,"16,603,311"
 الشرقية,الدمام,قسمة تركة,2025/10/23,"16,603,312"
 الشرقية,حفر الباطن,احكام و قرارات,2025/10/23,"16,603,332"
 عسير,ابها,قسمة تركة,2025/10/23,"16,603,319"
 عسير,ابها,قسمة تركة,2025/10/23,"16,603,321"
 تبوك,تبوك,قسمة تركة,2025/10/23,"16,603,323"
 تبوك,تبوك,قسمة تركة,2025/10/23,"16,603,335"
 تبوك,تبوك,قسمة تركة,2025/10/23,"16,603,329"
 تبوك,تبوك,قسمة تركة,2025/10/23,"16,603,341"
 تبوك,تبوك,قسمة تركة,2025/10/23,"16,603,316"
 تبوك,تبوك,قسمة تركة,2025/10/23,"16,603,320"
 حائل,حائل,قسمة تركة,2025/10/23,"16,603,322"
 حائل,حائل,قسمة تركة,2025/10/23,"16,603,342"
 حائل,حائل,مزاد,2025/10/23,"16,603,325"
 الجوف,سكاكا,قسمة تركة,2025/10/23,"16,603,309"
 الجوف,سكاكا,قسمة تركة,2025/10/23,"16,603,313"
 الحدود الشمالية,عرعر,قسمة تركة,2025/10/23,"16,603,345"
 الرياض,الرياض,قسمة تركة,2025/10/26,"16,629,720"
 الرياض,الرياض,قسمة تركة,2025/10/26,"16,632,309"
 الرياض,الرياض,قسمة تركة,2025/10/26,"16,630,662"
 الرياض,الرياض,قسمة تركة,2025/10/26,"16,630,673"
 الرياض,الرياض,قسمة تركة,2025/10/26,"16,630,671"
 الرياض,الرياض,قسمة تركة,2025/10/26,"16,630,665"
 الرياض,الرياض,قسمة تركة,2025/10/26,"16,630,663"
 الرياض,الرياض,قسمة تركة,2025/10/26,"16,629,709"
 الرياض,الرياض,قسمة تركة,2025/10/26,"16,632,324"
 الرياض,الرياض,قسمة تركة,2025/10/26,"16,632,322"
 الرياض,الرياض,قسمة تركة,2025/10/26,"16,632,319"
 الرياض,الرياض,قسمة تركة,2025/10/26,"16,630,672"
 الرياض,الرياض,قسمة تركة,2025/10/26,"16,632,308"
 الرياض,الرياض,قسمة تركة,2025/10/26,"16,632,313"
 مكة المكرمه,جده,احكام و قرارات,2025/10/26,"16,630,670"
 مكة المكرمه,جده,قسمة تركة,2025/10/26,"16,627,091"
 المدينة المنوره,المدينة المنورة,قسمة تركة,2025/10/26,"16,630,252"
 المدينة المنوره,المدينة المنورة,قسمة تركة,2025/10/26,"16,629,847"
 الشرقية,الدمام,قسمة تركة,2025/10/26,"16,630,667"
 الشرقية,الدمام,قسمة تركة,2025/10/26,"16,626,498"
 عسير,ابها,قسمة تركة,2025/10/26,"16,630,664"
 حائل,حائل,قسمة تركة,2025/10/26,"16,630,666"
 حائل,حائل,قسمة تركة,2025/10/26,"16,630,668"
 حائل,حائل,مزاد,2025/10/26,"16,630,674"
 حائل,حائل,قسمة تركة,2025/10/26,"16,630,669"
 الحدود الشمالية,عرعر,قسمة تركة,2025/10/26,"16,626,697"
 الحدود الشمالية,عرعر,قسمة تركة,2025/10/26,"16,626,696"
 الحدود الشمالية,عرعر,قسمة تركة,2025/10/26,"16,626,689"
 الحدود الشمالية,عرعر,قسمة تركة,2025/10/26,"16,626,685"
 الرياض,الرياض,قسمة تركة,2025/10/27,"16,642,405"
 الرياض,الرياض,قسمة تركة,2025/10/27,"16,642,459"
 الرياض,الرياض,قسمة تركة,2025/10/27,"16,642,458"
 الرياض,الرياض,مزاد,2025/10/27,"16,643,340"
 الرياض,الرياض,قسمة تركة,2025/10/27,"16,642,467"
 مكة المكرمه,مكة المكرمة,اخلاء,2025/10/27,"16,641,770"
 مكة المكرمه,جده,أوراق تجارية,2025/10/27,"16,642,801"
 مكة المكرمه,جده,أوراق تجارية,2025/10/27,"16,642,802"
 مكة المكرمه,جده,أوراق تجارية,2025/10/27,"16,642,800"
 مكة المكرمه,جده,اخلاء,2025/10/27,"16,640,887"
 القصيم,بريده,مزاد,2025/10/27,"16,633,212"
 الشرقية,الدمام,اخلاء,2025/10/27,"16,643,156"
 الرياض,الرياض,مزاد,2025/10/28,"16,659,566"
 الرياض,الرياض,قسمة تركة,2025/10/28,"16,660,429"
 الرياض,الرياض,قسمة تركة,2025/10/28,"16,660,438"
 الرياض,الرياض,قسمة تركة,2025/10/28,"16,654,446"
 الرياض,الرياض,قسمة تركة,2025/10/28,"16,660,435"
 الرياض,الرياض,عقود,2025/10/28,"16,660,427"
 الرياض,الرياض,قسمة تركة,2025/10/28,"16,660,432"
 الرياض,الرياض,قسمة تركة,2025/10/28,"16,660,418"
 الرياض,الرياض,قسمة تركة,2025/10/28,"16,660,413"
 الرياض,الرياض,مزاد,2025/10/28,"16,660,425"
 الرياض,الرياض,قسمة تركة,2025/10/28,"16,654,571"
 الرياض,الرياض,قسمة تركة,2025/10/28,"16,660,034"
 الرياض,الرياض,قسمة تركة,2025/10/28,"16,660,424"
 الرياض,الرياض,قسمة تركة,2025/10/28,"16,660,421"
 مكة المكرمه,مكة المكرمة,قسمة تركة,2025/10/28,"16,660,417"
 مكة المكرمه,مكة المكرمة,قسمة تركة,2025/10/28,"16,657,035"
 مكة المكرمه,مكة المكرمة,قسمة تركة,2025/10/28,"16,660,430"
 مكة المكرمه,مكة المكرمة,قسمة تركة,2025/10/28,"16,657,034"
 مكة المكرمه,مكة المكرمة,قسمة تركة,2025/10/28,"16,660,441"
 مكة المكرمه,مكة المكرمة,قسمة تركة,2025/10/28,"16,660,437"
 مكة المكرمه,جده,قسمة تركة,2025/10/28,"16,660,428"
 مكة المكرمه,جده,أوراق تجارية,2025/10/28,"16,660,434"
 مكة المكرمه,جده,مزاد,2025/10/28,"16,660,420"
 مكة المكرمه,الطائف,مزاد,2025/10/28,"16,660,426"
 القصيم,بريده,مزاد,2025/10/28,"16,660,419"
 القصيم,بريده,قسمة تركة,2025/10/28,"16,646,850"
 القصيم,بريده,قسمة تركة,2025/10/28,"16,660,431"
 القصيم,بريده,قسمة تركة,2025/10/28,"16,646,851"
 القصيم,بريده,قسمة تركة,2025/10/28,"16,660,436"
 القصيم,بريده,احكام و قرارات,2025/10/28,"16,660,416"
 القصيم,بريده,قسمة تركة,2025/10/28,"16,660,433"
 القصيم,بريده,قسمة تركة,2025/10/28,"16,646,848"
 الشرقية,الدمام,قسمة تركة,2025/10/28,"16,660,414"
 الشرقية,الاحساء,قسمة تركة,2025/10/28,"16,660,422"
 الشرقية,حفر الباطن,قسمة تركة,2025/10/28,"16,660,415"
 الشرقية,حفر الباطن,مزاد,2025/10/28,"16,659,661"
 الشرقية,حفر الباطن,قسمة تركة,2025/10/28,"16,660,423"
 الشرقية,حفر الباطن,عقود,2025/10/28,"16,660,412"
 الحدود الشمالية,عرعر,قسمة تركة,2025/10/28,"16,660,439"
 الحدود الشمالية,عرعر,أوراق تجارية,2025/10/28,"16,660,440"
 الرياض,الرياض,قسمة تركة,2025/10/29,"16,666,908"
 الرياض,الرياض,قسمة تركة,2025/10/29,"16,668,634"
 الرياض,الرياض,قسمة تركة,2025/10/29,"16,668,637"
 الرياض,الرياض,قسمة تركة,2025/10/29,"16,668,632"
 الرياض,الرياض,قسمة تركة,2025/10/29,"16,668,629"
 الرياض,الرياض,قسمة تركة,2025/10/29,"16,668,625"
 الرياض,الرياض,قسمة تركة,2025/10/29,"16,668,624"
 الرياض,الرياض,قسمة تركة,2025/10/29,"16,668,621"
 الرياض,الرياض,قسمة تركة,2025/10/29,"16,668,612"
 الرياض,الرياض,قسمة تركة,2025/10/29,"16,668,611"
 الرياض,الرياض,قسمة تركة,2025/10/29,"16,668,619"
 الرياض,الرياض,قسمة تركة,2025/10/29,"16,666,911"
 الرياض,الرياض,قسمة تركة,2025/10/29,"16,668,608"
 الرياض,الرياض,قسمة تركة,2025/10/29,"16,666,912"
 الرياض,الرياض,قسمة تركة,2025/10/29,"16,668,633"
 الرياض,الرياض,قسمة تركة,2025/10/29,"16,668,616"
 الرياض,الرياض,قسمة تركة,2025/10/29,"16,668,626"
 الرياض,الرياض,قسمة تركة,2025/10/29,"16,668,623"
 الرياض,الرياض,قسمة تركة,2025/10/29,"16,666,907"
 الرياض,الرياض,أوراق تجارية,2025/10/29,"16,668,796"
 الرياض,الرياض,قسمة تركة,2025/10/29,"16,669,403"
 الرياض,الرياض,قسمة تركة,2025/10/29,"16,668,609"
 الرياض,الرياض,قسمة تركة,2025/10/29,"16,666,906"
 الرياض,الرياض,قسمة تركة,2025/10/29,"16,668,607"
 الرياض,الرياض,قسمة تركة,2025/10/29,"16,668,630"
 الرياض,الرياض,قسمة تركة,2025/10/29,"16,666,904"
 مكة المكرمه,مكة المكرمة,احكام و قرارات,2025/10/29,"16,668,794"
 مكة المكرمه,مكة المكرمة,قسمة تركة,2025/10/29,"16,666,909"
 مكة المكرمه,جده,احكام و قرارات,2025/10/29,"16,668,795"
 القصيم,بريده,مزاد,2025/10/29,"16,666,905"
 القصيم,بريده,مزاد,2025/10/29,"16,669,404"
 القصيم,بريده,قسمة تركة,2025/10/29,"16,668,635"
 القصيم,بريده,قسمة تركة,2025/10/29,"16,666,903"
 القصيم,بريده,قسمة تركة,2025/10/29,"16,668,631"
 القصيم,بريده,قسمة تركة,2025/10/29,"16,668,622"
 القصيم,بريده,قسمة تركة,2025/10/29,"16,666,913"
 القصيم,بريده,قسمة تركة,2025/10/29,"16,668,797"
 القصيم,بريده,مزاد,2025/10/29,"16,662,676"
 القصيم,بريده,قسمة تركة,2025/10/29,"16,668,628"
 القصيم,بريده,قسمة تركة,2025/10/29,"16,668,614"
 الشرقية,الدمام,قسمة تركة,2025/10/29,"16,668,617"
 الشرقية,الدمام,احكام و قرارات,2025/10/29,"16,668,618"
 الشرقية,الدمام,مزاد,2025/10/29,"16,668,613"
 الشرقية,حفر الباطن,قسمة تركة,2025/10/29,"16,668,620"
 عسير,ابها,مزاد,2025/10/29,"16,668,972"
 نجران,نجران,مزاد,2025/10/29,"16,668,627"
 نجران,نجران,قسمة تركة,2025/10/29,"16,668,638"
 الجوف,سكاكا,قسمة تركة,2025/10/29,"16,668,610"
 الجوف,سكاكا,قسمة تركة,2025/10/29,"16,669,401"
 الرياض,الرياض,قسمة تركة,2025/10/30,"16,670,808"
 الرياض,الرياض,قسمة تركة,2025/10/30,"16,670,805"
 الرياض,الرياض,قسمة تركة,2025/10/30,"16,673,698"
 الرياض,الرياض,قسمة تركة,2025/10/30,"16,672,833"
 الرياض,الرياض,قسمة تركة,2025/10/30,"16,670,807"
 الرياض,الرياض,قسمة تركة,2025/10/30,"16,673,700"
 الرياض,الرياض,قسمة تركة,2025/10/30,"16,673,699"
 الرياض,الرياض,قسمة تركة,2025/10/30,"16,673,346"
 الرياض,الرياض,قسمة تركة,2025/10/30,"16,673,354"
 مكة المكرمه,مكة المكرمة,قسمة تركة,2025/10/30,"16,672,860"
 مكة المكرمه,مكة المكرمة,قسمة تركة,2025/10/30,"16,672,703"
 مكة المكرمه,مكة المكرمة,أوراق تجارية إلكترونية,2025/10/30,"16,673,352"
 مكة المكرمه,مكة المكرمة,قسمة تركة,2025/10/30,"16,670,115"
 مكة المكرمه,مكة المكرمة,قسمة تركة,2025/10/30,"16,672,702"
 مكة المكرمه,مكة المكرمة,قسمة تركة,2025/10/30,"16,672,863"
 مكة المكرمه,جده,قسمة تركة,2025/10/30,"16,673,952"
 مكة المكرمه,جده,قسمة تركة,2025/10/30,"16,673,951"
 مكة المكرمه,جده,مزاد,2025/10/30,"16,673,356"
 مكة المكرمه,جده,قسمة تركة,2025/10/30,"16,673,358"
 المدينة المنوره,المدينة المنورة,قسمة تركة,2025/10/30,"16,673,348"
 القصيم,بريده,مزاد,2025/10/30,"16,673,349"
 القصيم,بريده,أوراق تجارية,2025/10/30,"16,673,357"
 القصيم,بريده,مزاد,2025/10/30,"16,670,116"
 القصيم,بريده,مزاد,2025/10/30,"16,670,113"
 القصيم,بريده,قسمة تركة,2025/10/30,"16,673,353"
 القصيم,بريده,قسمة تركة,2025/10/30,"16,673,351"
 الشرقية,الدمام,أوراق تجارية,2025/10/30,"16,673,622"
 الشرقية,الدمام,عقود,2025/10/30,"16,673,345"
 الشرقية,الدمام,مزاد,2025/10/30,"16,673,350"
 تبوك,تبوك,قسمة تركة,2025/10/30,"16,673,362"
 تبوك,تبوك,قسمة تركة,2025/10/30,"16,673,355"
 حائل,حائل,مزاد,2025/10/30,"16,673,347"
 جازان,جيزان,أوراق تجارية,2025/10/30,"16,673,359"
 الجوف,سكاكا,قسمة تركة,2025/10/30,"16,672,866"
 الحدود الشمالية,عرعر,قسمة تركة,2025/10/30,"16,673,621"
 القصيم,بريده,قسمة تركة,2025/11/02,"16,692,622"
 الرياض,الرياض,مزاد,2025/11/03,"16,712,130"
 الرياض,الرياض,مزاد,2025/11/03,"16,712,138"
 الرياض,الرياض,مزاد,2025/11/03,"16,712,131"
 مكة المكرمه,جده,أوراق تجارية,2025/11/03,"16,704,509"
 الرياض,الرياض,قسمة تركة,2025/11/04,"16,728,975"
 الرياض,الرياض,قسمة تركة,2025/11/04,"16,728,450"
 الرياض,الرياض,قسمة تركة,2025/11/04,"16,728,969"
 الرياض,الرياض,قسمة تركة,2025/11/04,"16,728,973"
 الرياض,الرياض,مزاد,2025/11/04,"16,727,757"
 الرياض,الرياض,قسمة تركة,2025/11/04,"16,728,970"
 الرياض,الرياض,قسمة تركة,2025/11/04,"16,727,760"
 الرياض,الرياض,مزاد,2025/11/04,"16,728,968"
 مكة المكرمه,جده,مزاد,2025/11/04,"16,728,449"
 مكة المكرمه,جده,قسمة تركة,2025/11/04,"16,728,444"
 مكة المكرمه,جده,قسمة تركة,2025/11/04,"16,728,974"
 المدينة المنوره,المدينة المنورة,قسمة تركة,2025/11/04,"16,728,451"
 الشرقية,الدمام,احكام و قرارات,2025/11/04,"16,728,966"
 الشرقية,حفر الباطن,مزاد,2025/11/04,"16,728,967"
 تبوك,تبوك,قسمة تركة,2025/11/04,"16,728,442"
 تبوك,تبوك,قسمة تركة,2025/11/04,"16,728,443"
 حائل,حائل,قسمة تركة,2025/11/04,"16,728,978"
 حائل,حائل,قسمة تركة,2025/11/04,"16,728,971"
 حائل,حائل,قسمة تركة,2025/11/04,"16,728,445"
 جازان,جيزان,قسمة تركة,2025/11/04,"16,728,976"
 الرياض,الرياض,قسمة تركة,2025/11/05,"16,740,426"
 الرياض,الرياض,أوراق تجارية,2025/11/05,"16,740,403"
 الرياض,الرياض,قسمة تركة,2025/11/05,"16,740,429"
 الرياض,الرياض,قسمة تركة,2025/11/05,"16,740,411"
 الرياض,الرياض,قسمة تركة,2025/11/05,"16,741,140"
 الرياض,الرياض,محاضر,2025/11/05,"16,734,554"
 الرياض,الرياض,قسمة تركة,2025/11/05,"16,740,401"
 الرياض,الرياض,قسمة تركة,2025/11/05,"16,740,421"
 الرياض,الرياض,قسمة تركة,2025/11/05,"16,740,427"
 الرياض,الرياض,أوراق تجارية,2025/11/05,"16,740,407"
 الرياض,الرياض,أوراق تجارية,2025/11/05,"16,740,413"
 الرياض,الرياض,أوراق تجارية,2025/11/05,"16,740,416"
 الرياض,الرياض,أوراق تجارية,2025/11/05,"16,740,423"
 مكة المكرمه,جده,مزاد,2025/11/05,"16,740,428"
 مكة المكرمه,جده,عقود,2025/11/05,"16,740,422"
 المدينة المنوره,المدينة المنورة,قسمة تركة,2025/11/05,"16,740,415"
 المدينة المنوره,المدينة المنورة,قسمة تركة,2025/11/05,"16,740,431"
 القصيم,بريده,مزاد,2025/11/05,"16,740,412"
 القصيم,بريده,قسمة تركة,2025/11/05,"16,740,418"
 القصيم,بريده,أوراق تجارية,2025/11/05,"16,740,430"
 القصيم,بريده,قسمة تركة,2025/11/05,"16,740,419"
 القصيم,بريده,قسمة تركة,2025/11/05,"16,740,420"
 القصيم,بريده,قسمة تركة,2025/11/05,"16,740,409"
 القصيم,بريده,قسمة تركة,2025/11/05,"16,740,425"
 القصيم,بريده,قسمة تركة,2025/11/05,"16,740,417"
 الشرقية,الدمام,اخلاء,2025/11/05,"16,739,631"
 الشرقية,الدمام,قسمة تركة,2025/11/05,"16,740,399"
 الشرقية,الدمام,اخلاء,2025/11/05,"16,739,032"
 الشرقية,الدمام,قسمة تركة,2025/11/05,"16,740,414"
 الشرقية,الدمام,اخلاء,2025/11/05,"16,739,009"
 الشرقية,الدمام,قسمة تركة,2025/11/05,"16,740,432"
 الشرقية,الدمام,اخلاء,2025/11/05,"16,740,406"
 الشرقية,الدمام,قسمة تركة,2025/11/05,"16,740,408"
 عسير,ابها,قسمة تركة,2025/11/05,"16,740,400"
 تبوك,تبوك,مزاد,2025/11/05,"16,740,410"
 الجوف,سكاكا,قسمة تركة,2025/11/05,"16,740,404"
 الباحة,الباحه,قسمة تركة,2025/11/05,"16,740,402"
 الباحة,الباحه,مزاد,2025/11/05,"16,740,424"
 الرياض,الرياض,قسمة تركة,2025/11/06,"16,749,859"
 الرياض,الرياض,قسمة تركة,2025/11/06,"16,749,855"
 الرياض,الرياض,قسمة تركة,2025/11/06,"16,749,853"
 الرياض,الرياض,قسمة تركة,2025/11/06,"16,749,847"
 الرياض,الرياض,قسمة تركة,2025/11/06,"16,749,846"
 الرياض,الرياض,قسمة تركة,2025/11/06,"16,749,793"
 الرياض,الرياض,قسمة تركة,2025/11/06,"16,749,842"
 الرياض,الرياض,قسمة تركة,2025/11/06,"16,749,851"
 الرياض,الرياض,قسمة تركة,2025/11/06,"16,749,845"
 الرياض,الرياض,قسمة تركة,2025/11/06,"16,749,792"
 الرياض,الرياض,قسمة تركة,2025/11/06,"16,749,854"
 الرياض,الرياض,قسمة تركة,2025/11/06,"16,749,843"
 الرياض,الرياض,قسمة تركة,2025/11/06,"16,749,848"
 الرياض,الرياض,قسمة تركة,2025/11/06,"16,749,844"
 مكة المكرمه,جده,مزاد,2025/11/06,"16,749,849"
 مكة المكرمه,جده,مزاد,2025/11/06,"16,749,858"
 مكة المكرمه,جده,مزاد,2025/11/06,"16,749,857"
 مكة المكرمه,جده,قسمة تركة,2025/11/06,"16,749,852"
 مكة المكرمه,جده,قسمة تركة,2025/11/06,"16,749,794"
 مكة المكرمه,الطائف,عقود,2025/11/06,"16,749,795"
 الشرقية,الدمام,اخلاء,2025/11/06,"16,749,264"
 الشرقية,الدمام,أوراق تجارية,2025/11/06,"16,749,840"
 حائل,حائل,عقود,2025/11/06,"16,749,850"
 حائل,حائل,عقود,2025/11/06,"16,742,695"
 حائل,حائل,قسمة تركة,2025/11/06,"16,749,860"
 حائل,حائل,مزاد,2025/11/06,"16,749,841"
 حائل,حائل,أوراق تجارية,2025/11/06,"16,749,856"
 القصيم,بريده,قسمة تركة,2025/11/09,"16,765,305"
 القصيم,بريده,قسمة تركة,2025/11/09,"16,765,303"
 القصيم,بريده,قسمة تركة,2025/11/09,"16,763,072"
 حائل,حائل,مزاد,2025/11/09,"16,773,941"
 القصيم,بريده,قسمة تركة,2025/11/10,"16,788,962"
 الرياض,الرياض,مزاد,2025/11/11,"16,806,625"
 الرياض,الرياض,قسمة تركة,2025/11/11,"16,806,622"
 الرياض,الرياض,قسمة تركة,2025/11/11,"16,803,985"
 الرياض,الرياض,قسمة تركة,2025/11/11,"16,803,981"
 الرياض,الرياض,قسمة تركة,2025/11/11,"16,803,982"
 الرياض,الرياض,قسمة تركة,2025/11/11,"16,806,623"
 مكة المكرمه,جده,قسمة تركة,2025/11/11,"16,803,980"
 مكة المكرمه,جده,قسمة تركة,2025/11/11,"16,803,987"
 مكة المكرمه,جده,قسمة تركة,2025/11/11,"16,803,983"
 مكة المكرمه,جده,احكام و قرارات,2025/11/11,"16,794,440"
 مكة المكرمه,جده,احكام و قرارات,2025/11/11,"16,806,624"
 مكة المكرمه,جده,قسمة تركة,2025/11/11,"16,803,979"
 الشرقية,الدمام,أوراق تجارية,2025/11/11,"16,803,988"
 الشرقية,الدمام,مزاد,2025/11/11,"16,803,978"
 الشرقية,الدمام,قسمة تركة,2025/11/11,"16,803,986"
 الشرقية,حفر الباطن,قسمة تركة,2025/11/11,"16,803,984"
 الرياض,الرياض,قسمة تركة,2025/11/12,"16,816,956"
 الرياض,الرياض,مزاد,2025/11/12,"16,815,536"
 الرياض,الرياض,قسمة تركة,2025/11/12,"16,816,790"
 الرياض,الرياض,قسمة تركة,2025/11/12,"16,816,781"
 الرياض,الرياض,قسمة تركة,2025/11/12,"16,816,779"
 الرياض,الرياض,قسمة تركة,2025/11/12,"16,816,794"
 الرياض,الرياض,قسمة تركة,2025/11/12,"16,815,334"
 الرياض,الرياض,قسمة تركة,2025/11/12,"16,816,795"
 الرياض,الرياض,قسمة تركة,2025/11/12,"16,816,791"
 مكة المكرمه,مكة المكرمة,قسمة تركة,2025/11/12,"16,815,533"
 مكة المكرمه,مكة المكرمة,قسمة تركة,2025/11/12,"16,815,538"
 مكة المكرمه,مكة المكرمة,أوراق تجارية,2025/11/12,"16,814,913"
 مكة المكرمه,مكة المكرمة,اخلاء,2025/11/12,"16,816,778"
 مكة المكرمه,جده,مزاد,2025/11/12,"16,808,059"
 مكة المكرمه,جده,قسمة تركة,2025/11/12,"16,816,529"
 مكة المكرمه,جده,قسمة تركة,2025/11/12,"16,816,985"
 مكة المكرمه,جده,قسمة تركة,2025/11/12,"16,816,980"
 مكة المكرمه,جده,قسمة تركة,2025/11/12,"16,816,987"
 مكة المكرمه,جده,مزاد,2025/11/12,"16,816,530"
 مكة المكرمه,جده,مزاد,2025/11/12,"16,808,060"
 مكة المكرمه,الطائف,قسمة تركة,2025/11/12,"16,808,523"
 المدينة المنوره,المدينة المنورة,مزاد,2025/11/12,"16,814,910"
 المدينة المنوره,المدينة المنورة,مزاد,2025/11/12,"16,814,912"
 المدينة المنوره,المدينة المنورة,قسمة تركة,2025/11/12,"16,814,907"
 المدينة المنوره,المدينة المنورة,قسمة تركة,2025/11/12,"16,814,909"
 المدينة المنوره,المدينة المنورة,قسمة تركة,2025/11/12,"16,814,904"
 المدينة المنوره,المدينة المنورة,احكام و قرارات,2025/11/12,"16,814,903"
 المدينة المنوره,المدينة المنورة,قسمة تركة,2025/11/12,"16,816,954"
 المدينة المنوره,المدينة المنورة,قسمة تركة,2025/11/12,"16,815,534"
 المدينة المنوره,المدينة المنورة,مزاد,2025/11/12,"16,814,905"
 الشرقية,الدمام,قسمة تركة,2025/11/12,"16,816,782"
 الشرقية,الدمام,قسمة تركة,2025/11/12,"16,816,789"
 الشرقية,الدمام,مزاد,2025/11/12,"16,816,798"
 الشرقية,الدمام,قسمة تركة,2025/11/12,"16,816,979"
 الشرقية,الدمام,أوراق تجارية,2025/11/12,"16,814,908"
 الشرقية,الدمام,مزاد,2025/11/12,"16,816,786"
 الشرقية,الدمام,قسمة تركة,2025/11/12,"16,816,787"
 الشرقية,الدمام,قسمة تركة,2025/11/12,"16,816,978"
 الشرقية,الاحساء,قسمة تركة,2025/11/12,"16,816,527"
 الشرقية,الاحساء,قسمة تركة,2025/11/12,"16,816,531"
 الشرقية,الاحساء,قسمة تركة,2025/11/12,"16,816,528"
 الشرقية,الاحساء,قسمة تركة,2025/11/12,"16,816,784"
 عسير,ابها,مزاد,2025/11/12,"16,816,981"
 عسير,ابها,قسمة تركة,2025/11/12,"16,816,986"
 عسير,ابها,قسمة تركة,2025/11/12,"16,816,982"
 تبوك,تبوك,قسمة تركة,2025/11/12,"16,816,955"
 تبوك,تبوك,قسمة تركة,2025/11/12,"16,816,793"
 تبوك,تبوك,قسمة تركة,2025/11/12,"16,816,783"
 تبوك,تبوك,مزاد,2025/11/12,"16,816,797"
 تبوك,تبوك,قسمة تركة,2025/11/12,"16,816,788"
 تبوك,تبوك,أوراق تجارية,2025/11/12,"16,816,785"
 تبوك,تبوك,قسمة تركة,2025/11/12,"16,816,780"
 تبوك,تبوك,مزاد,2025/11/12,"16,816,796"
 تبوك,تبوك,قسمة تركة,2025/11/12,"16,816,792"
 الباحة,الباحه,قسمة تركة,2025/11/12,"16,816,984"
 الباحة,الباحه,قسمة تركة,2025/11/12,"16,816,983"
 الرياض,الرياض,قسمة تركة,2025/11/13,"16,826,576"
 الرياض,الرياض,مزاد,2025/11/13,"16,826,799"
 الرياض,الرياض,مزاد,2025/11/13,"16,826,156"
 الرياض,الرياض,مزاد,2025/11/13,"16,826,147"
 الرياض,الرياض,قسمة تركة,2025/11/13,"16,826,165"
 الرياض,الرياض,قسمة تركة,2025/11/13,"16,826,589"
 الرياض,الرياض,أوراق تجارية,2025/11/13,"16,826,800"
 الرياض,الرياض,قسمة تركة,2025/11/13,"16,826,585"
 الرياض,الرياض,أوراق تجارية,2025/11/13,"16,826,795"
 الرياض,الرياض,قسمة تركة,2025/11/13,"16,826,163"
 الرياض,الرياض,قسمة تركة,2025/11/13,"16,826,151"
 الرياض,الرياض,قسمة تركة,2025/11/13,"16,826,588"
 الرياض,الرياض,قسمة تركة,2025/11/13,"16,826,801"
 مكة المكرمه,مكة المكرمة,مزاد,2025/11/13,"16,826,161"
 مكة المكرمه,مكة المكرمة,قسمة تركة,2025/11/13,"16,826,590"
 مكة المكرمه,مكة المكرمة,احكام و قرارات,2025/11/13,"16,826,158"
 مكة المكرمه,مكة المكرمة,اخلاء,2025/11/13,"16,823,957"
 مكة المكرمه,مكة المكرمة,قسمة تركة,2025/11/13,"16,826,157"
 مكة المكرمه,جده,قسمة تركة,2025/11/13,"16,824,744"
 مكة المكرمه,جده,قسمة تركة,2025/11/13,"16,826,804"
 مكة المكرمه,جده,قسمة تركة,2025/11/13,"16,826,796"
 مكة المكرمه,جده,قسمة تركة,2025/11/13,"16,826,803"
 مكة المكرمه,جده,قسمة تركة,2025/11/13,"16,826,577"
 مكة المكرمه,الطائف,مزاد,2025/11/13,"16,826,162"
 مكة المكرمه,الطائف,مزاد,2025/11/13,"16,826,167"
 مكة المكرمه,الطائف,قسمة تركة,2025/11/13,"16,826,591"
 مكة المكرمه,الطائف,مزاد,2025/11/13,"16,826,579"
 مكة المكرمه,الطائف,مزاد,2025/11/13,"16,826,580"
 مكة المكرمه,الطائف,مزاد,2025/11/13,"16,826,598"
 المدينة المنوره,المدينة المنورة,قسمة تركة,2025/11/13,"16,826,581"
 المدينة المنوره,المدينة المنورة,قسمة تركة,2025/11/13,"16,826,798"
 القصيم,بريده,قسمة تركة,2025/11/13,"16,826,168"
 القصيم,بريده,قسمة تركة,2025/11/13,"16,826,149"
 القصيم,بريده,مزاد,2025/11/13,"16,826,166"
 القصيم,بريده,قسمة تركة,2025/11/13,"16,826,155"
 القصيم,بريده,قسمة تركة,2025/11/13,"16,826,152"
 القصيم,بريده,قسمة تركة,2025/11/13,"16,826,150"
 القصيم,بريده,قسمة تركة,2025/11/13,"16,826,145"
 الشرقية,الدمام,مزاد,2025/11/13,"16,826,600"
 الشرقية,الدمام,مزاد,2025/11/13,"16,826,599"
 الشرقية,الدمام,مزاد,2025/11/13,"16,826,597"
 الشرقية,الاحساء,قسمة تركة,2025/11/13,"16,826,596"
 الشرقية,الاحساء,قسمة تركة,2025/11/13,"16,826,160"
 عسير,ابها,قسمة تركة,2025/11/13,"16,823,960"
 عسير,ابها,قسمة تركة,2025/11/13,"16,823,961"
 عسير,ابها,قسمة تركة,2025/11/13,"16,823,959"
 تبوك,تبوك,قسمة تركة,2025/11/13,"16,826,148"
 تبوك,تبوك,قسمة تركة,2025/11/13,"16,826,146"
 تبوك,تبوك,قسمة تركة,2025/11/13,"16,826,575"
 تبوك,تبوك,قسمة تركة,2025/11/13,"16,826,592"
 تبوك,تبوك,قسمة تركة,2025/11/13,"16,826,583"
 تبوك,تبوك,قسمة تركة,2025/11/13,"16,826,578"
 حائل,حائل,مزاد,2025/11/13,"16,826,593"
 جازان,جيزان,قسمة تركة,2025/11/13,"16,826,797"
 نجران,نجران,مزاد,2025/11/13,"16,826,164"
 الجوف,سكاكا,قسمة تركة,2025/11/13,"16,826,584"
 الجوف,سكاكا,قسمة تركة,2025/11/13,"16,826,582"
 الجوف,سكاكا,قسمة تركة,2025/11/13,"16,826,594"
 الجوف,سكاكا,قسمة تركة,2025/11/13,"16,826,586"
 الجوف,سكاكا,قسمة تركة,2025/11/13,"16,826,159"
 الجوف,سكاكا,مزاد,2025/11/13,"16,826,595"
 الرياض,الرياض,قسمة تركة,2025/11/16,"16,856,439"
 الرياض,الرياض,قسمة تركة,2025/11/16,"16,856,278"
 الرياض,الرياض,مزاد,2025/11/16,"16,856,288"
 الرياض,الرياض,قسمة تركة,2025/11/16,"16,856,426"
 الرياض,الرياض,قسمة تركة,2025/11/16,"16,856,428"
 الرياض,الرياض,قسمة تركة,2025/11/16,"16,856,448"
 الرياض,الرياض,قسمة تركة,2025/11/16,"16,856,378"
 الرياض,الرياض,قسمة تركة,2025/11/16,"16,856,456"
 الرياض,الرياض,قسمة تركة,2025/11/16,"16,856,441"
 الرياض,الرياض,قسمة تركة,2025/11/16,"16,856,454"
 الرياض,الرياض,قسمة تركة,2025/11/16,"16,856,459"
 الرياض,الرياض,قسمة تركة,2025/11/16,"16,856,419"
 الرياض,الرياض,قسمة تركة,2025/11/16,"16,856,422"
 الرياض,الرياض,قسمة تركة,2025/11/16,"16,856,435"
 الرياض,الرياض,قسمة تركة,2025/11/16,"16,856,452"
 الرياض,الرياض,قسمة تركة,2025/11/16,"16,856,453"
 الرياض,الرياض,قسمة تركة,2025/11/16,"16,856,429"
 الرياض,الرياض,قسمة تركة,2025/11/16,"16,856,281"
 الرياض,الرياض,قسمة تركة,2025/11/16,"16,856,424"
 الرياض,الرياض,قسمة تركة,2025/11/16,"16,856,425"
 الرياض,الرياض,قسمة تركة,2025/11/16,"16,856,430"
 الرياض,الرياض,قسمة تركة,2025/11/16,"16,856,431"
 الرياض,الرياض,قسمة تركة,2025/11/16,"16,856,432"
 الرياض,الرياض,قسمة تركة,2025/11/16,"16,856,421"
 الرياض,الرياض,قسمة تركة,2025/11/16,"16,856,434"
 الرياض,الرياض,قسمة تركة,2025/11/16,"16,856,436"
 مكة المكرمه,مكة المكرمة,قسمة تركة,2025/11/16,"16,856,280"
 مكة المكرمه,مكة المكرمة,مزاد,2025/11/16,"16,856,458"
 مكة المكرمه,مكة المكرمة,قسمة تركة,2025/11/16,"16,856,283"
 مكة المكرمه,مكة المكرمة,قسمة تركة,2025/11/16,"16,856,447"
 مكة المكرمه,مكة المكرمة,قسمة تركة,2025/11/16,"16,856,444"
 مكة المكرمه,جده,قسمة تركة,2025/11/16,"16,856,287"
 مكة المكرمه,جده,مزاد,2025/11/16,"16,856,285"
 مكة المكرمه,جده,قسمة تركة,2025/11/16,"16,856,284"
 مكة المكرمه,جده,احكام و قرارات,2025/11/16,"16,856,446"
 مكة المكرمه,جده,قسمة تركة,2025/11/16,"16,856,286"
 مكة المكرمه,الطائف,قسمة تركة,2025/11/16,"16,856,379"
 مكة المكرمه,الطائف,قسمة تركة,2025/11/16,"16,856,380"
 مكة المكرمه,الطائف,قسمة تركة,2025/11/16,"16,856,377"
 المدينة المنوره,المدينة المنورة,قسمة تركة,2025/11/16,"16,856,455"
 المدينة المنوره,المدينة المنورة,قسمة تركة,2025/11/16,"16,856,420"
 القصيم,بريده,قسمة تركة,2025/11/16,"16,856,277"
 القصيم,بريده,مزاد,2025/11/16,"16,856,423"
 القصيم,بريده,قسمة تركة,2025/11/16,"16,856,457"
 القصيم,بريده,قسمة تركة,2025/11/16,"16,856,451"
 القصيم,بريده,قسمة تركة,2025/11/16,"16,856,427"
 الشرقية,الدمام,قسمة تركة,2025/11/16,"16,856,437"
 الشرقية,الدمام,أوراق تجارية,2025/11/16,"16,856,442"
 عسير,ابها,مزاد,2025/11/16,"16,856,450"
 عسير,ابها,قسمة تركة,2025/11/16,"16,856,438"
 عسير,ابها,قسمة تركة,2025/11/16,"16,856,445"
 عسير,ابها,قسمة تركة,2025/11/16,"16,856,440"
 عسير,ابها,مزاد,2025/11/16,"16,856,443"
 عسير,ابها,قسمة تركة,2025/11/16,"16,856,282"
 حائل,حائل,مزاد,2025/11/16,"16,856,279"
 حائل,حائل,قسمة تركة,2025/11/16,"16,856,276"
 جازان,جيزان,قسمة تركة,2025/11/16,"16,856,449"
 الرياض,الرياض,قسمة تركة,2025/11/17,"16,866,406"
 الرياض,الرياض,مزاد,2025/11/17,"16,868,107"
 الرياض,الرياض,قسمة تركة,2025/11/17,"16,868,165"
 مكة المكرمه,مكة المكرمة,قسمة تركة,2025/11/17,"16,868,125"
 مكة المكرمه,مكة المكرمة,احكام و قرارات,2025/11/17,"16,866,403"
 مكة المكرمه,مكة المكرمة,مزاد,2025/11/17,"16,866,404"
 مكة المكرمه,مكة المكرمة,قسمة تركة,2025/11/17,"16,868,145"
 مكة المكرمه,مكة المكرمة,قسمة تركة,2025/11/17,"16,868,139"
 مكة المكرمه,مكة المكرمة,قسمة تركة,2025/11/17,"16,868,154"
 مكة المكرمه,جده,قسمة تركة,2025/11/17,"16,868,138"
 مكة المكرمه,جده,قسمة تركة,2025/11/17,"16,868,103"
 مكة المكرمه,جده,مزاد,2025/11/17,"16,868,096"
 مكة المكرمه,جده,أوراق تجارية,2025/11/17,"16,868,132"
 مكة المكرمه,جده,أوراق تجارية,2025/11/17,"16,868,142"
 مكة المكرمه,جده,احكام و قرارات,2025/11/17,"16,866,405"
 مكة المكرمه,جده,اخلاء,2025/11/17,"16,867,403"
 مكة المكرمه,جده,قسمة تركة,2025/11/17,"16,868,113"
 مكة المكرمه,جده,مزاد,2025/11/17,"16,868,100"
 مكة المكرمه,جده,مزاد,2025/11/17,"16,868,137"
 مكة المكرمه,جده,مزاد,2025/11/17,"16,868,140"
 مكة المكرمه,الطائف,قسمة تركة,2025/11/17,"16,868,089"
 مكة المكرمه,الطائف,مزاد,2025/11/17,"16,868,126"
 مكة المكرمه,الطائف,قسمة تركة,2025/11/17,"16,868,101"
 مكة المكرمه,الطائف,مزاد,2025/11/17,"16,868,143"
 مكة المكرمه,الطائف,قسمة تركة,2025/11/17,"16,868,122"
 مكة المكرمه,الطائف,قسمة تركة,2025/11/17,"16,868,108"
 مكة المكرمه,الطائف,قسمة تركة,2025/11/17,"16,868,087"
 المدينة المنوره,المدينة المنورة,قسمة تركة,2025/11/17,"16,868,109"
 المدينة المنوره,المدينة المنورة,قسمة تركة,2025/11/17,"16,868,111"
 المدينة المنوره,المدينة المنورة,قسمة تركة,2025/11/17,"16,868,160"
 القصيم,بريده,مزاد,2025/11/17,"16,867,097"
 القصيم,بريده,مزاد,2025/11/17,"16,868,128"
 القصيم,بريده,قسمة تركة,2025/11/17,"16,868,112"
 القصيم,بريده,قسمة تركة,2025/11/17,"16,867,134"
 الشرقية,الدمام,اخلاء,2025/11/17,"16,868,119"
 الشرقية,الدمام,اخلاء,2025/11/17,"16,868,115"
 الشرقية,الدمام,اخلاء,2025/11/17,"16,868,123"
 الشرقية,الدمام,اخلاء,2025/11/17,"16,868,161"
 الشرقية,الدمام,اخلاء,2025/11/17,"16,868,162"
 الشرقية,الدمام,اخلاء,2025/11/17,"16,868,088"
 الشرقية,الدمام,اخلاء,2025/11/17,"16,868,130"
 الشرقية,الدمام,اخلاء,2025/11/17,"16,868,153"
 الشرقية,الدمام,قسمة تركة,2025/11/17,"16,868,152"
 الشرقية,الدمام,اخلاء,2025/11/17,"16,868,105"
 الشرقية,الدمام,اخلاء,2025/11/17,"16,868,135"
 الشرقية,الدمام,اخلاء,2025/11/17,"16,868,159"
 الشرقية,الدمام,اخلاء,2025/11/17,"16,868,091"
 الشرقية,الدمام,مزاد,2025/11/17,"16,868,163"
 الشرقية,الاحساء,قسمة تركة,2025/11/17,"16,868,131"
 الشرقية,الاحساء,قسمة تركة,2025/11/17,"16,868,164"
 عسير,ابها,قسمة تركة,2025/11/17,"16,868,104"
 حائل,حائل,عقود,2025/11/17,"16,868,129"
 حائل,حائل,قسمة تركة,2025/11/17,"16,868,102"
 حائل,حائل,قسمة تركة,2025/11/17,"16,868,127"
 جازان,جيزان,قسمة تركة,2025/11/17,"16,868,120"
 جازان,جيزان,قسمة تركة,2025/11/17,"16,868,084"
 الجوف,سكاكا,قسمة تركة,2025/11/17,"16,868,136"
 الجوف,سكاكا,مزاد,2025/11/17,"16,868,144"
 الجوف,سكاكا,قسمة تركة,2025/11/17,"16,868,098"
 الجوف,سكاكا,قسمة تركة,2025/11/17,"16,868,099"
 الجوف,سكاكا,قسمة تركة,2025/11/17,"16,866,884"
 الرياض,الرياض,قسمة تركة,2025/11/19,"16,894,443"
 الرياض,الرياض,قسمة تركة,2025/11/19,"16,894,450"
 الرياض,الرياض,قسمة تركة,2025/11/19,"16,894,449"
 مكة المكرمه,مكة المكرمة,قسمة تركة,2025/11/19,"16,894,431"
 مكة المكرمه,مكة المكرمة,أوراق تجارية,2025/11/19,"16,894,442"
 مكة المكرمه,جده,قسمة تركة,2025/11/19,"16,894,433"
 مكة المكرمه,جده,قسمة تركة,2025/11/19,"16,894,454"
 مكة المكرمه,جده,مزاد,2025/11/19,"16,894,981"
 مكة المكرمه,جده,قسمة تركة,2025/11/19,"16,894,445"
 مكة المكرمه,جده,مزاد,2025/11/19,"16,894,455"
 مكة المكرمه,جده,قسمة تركة,2025/11/19,"16,894,451"
 مكة المكرمه,جده,مزاد,2025/11/19,"16,894,456"
 القصيم,بريده,مزاد,2025/11/19,"16,895,971"
 القصيم,بريده,مزاد,2025/11/19,"16,895,970"
 القصيم,بريده,مزاد,2025/11/19,"16,894,459"
 القصيم,بريده,مزاد,2025/11/19,"16,894,460"
 القصيم,بريده,مزاد,2025/11/19,"16,894,453"
 القصيم,بريده,مزاد,2025/11/19,"16,894,447"
 القصيم,بريده,مزاد,2025/11/19,"16,894,430"
 القصيم,بريده,مزاد,2025/11/19,"16,894,432"
 القصيم,بريده,مزاد,2025/11/19,"16,894,438"
 القصيم,بريده,مزاد,2025/11/19,"16,894,446"
 الشرقية,الدمام,أوراق تجارية,2025/11/19,"16,894,437"
 الشرقية,الدمام,عقود,2025/11/19,"16,894,452"
 الشرقية,الدمام,قسمة تركة,2025/11/19,"16,894,448"
 الشرقية,الدمام,عقود,2025/11/19,"16,894,444"
 الشرقية,الدمام,قسمة تركة,2025/11/19,"16,894,436"
 الشرقية,حفر الباطن,قسمة تركة,2025/11/19,"16,894,440"
 حائل,حائل,قسمة تركة,2025/11/19,"16,894,441"
 حائل,حائل,قسمة تركة,2025/11/19,"16,894,439"
 الرياض,الرياض,اخلاء,2025/11/20,"16,901,263"
 الرياض,الرياض,اخلاء,2025/11/20,"16,901,534"
 الرياض,الرياض,قسمة تركة,2025/11/20,"16,901,265"
 الرياض,الرياض,قسمة تركة,2025/11/20,"16,901,531"
 الرياض,الرياض,قسمة تركة,2025/11/20,"16,901,532"
 الرياض,الرياض,قسمة تركة,2025/11/20,"16,901,527"
 مكة المكرمه,مكة المكرمة,قسمة تركة,2025/11/20,"16,901,262"
 مكة المكرمه,مكة المكرمة,اخلاء,2025/11/20,"16,901,267"
 مكة المكرمه,مكة المكرمة,قسمة تركة,2025/11/20,"16,898,763"
 مكة المكرمه,مكة المكرمة,مزاد,2025/11/20,"16,901,276"
 المدينة المنوره,المدينة المنورة,قسمة تركة,2025/11/20,"16,901,261"
 القصيم,بريده,مزاد,2025/11/20,"16,901,268"
 القصيم,بريده,قسمة تركة,2025/11/20,"16,901,266"
 الشرقية,الدمام,اخلاء,2025/11/20,"16,901,272"
 الشرقية,الدمام,مزاد,2025/11/20,"16,901,275"
 الشرقية,الدمام,اخلاء,2025/11/20,"16,901,273"
 الشرقية,الاحساء,قسمة تركة,2025/11/20,"16,901,536"
 الشرقية,الاحساء,قسمة تركة,2025/11/20,"16,901,274"
 الشرقية,حفر الباطن,قسمة تركة,2025/11/20,"16,901,269"
 الشرقية,حفر الباطن,قسمة تركة,2025/11/20,"16,901,270"
 الشرقية,حفر الباطن,مزاد,2025/11/20,"16,901,271"
 حائل,حائل,احكام و قرارات,2025/11/20,"16,901,264"
 حائل,حائل,قسمة تركة,2025/11/20,"16,901,560"
 حائل,حائل,مزاد,2025/11/20,"16,901,524"
 حائل,حائل,مزاد,2025/11/20,"16,901,260"
 الجوف,سكاكا,قسمة تركة,2025/11/20,"16,901,535"
 الرياض,الرياض,مزاد,2025/11/22,"16,921,607"
 الرياض,الرياض,قسمة تركة,2025/11/22,"16,921,611"
 مكة المكرمه,جده,قسمة تركة,2025/11/22,"16,921,600"
 مكة المكرمه,الطائف,مزاد,2025/11/22,"16,921,609"
 مكة المكرمه,الطائف,قسمة تركة,2025/11/22,"16,921,606"
 مكة المكرمه,الطائف,قسمة تركة,2025/11/22,"16,921,608"
 المدينة المنوره,المدينة المنورة,قسمة تركة,2025/11/22,"16,921,612"
 الشرقية,الدمام,قسمة تركة,2025/11/22,"16,921,601"
 الشرقية,الدمام,احكام و قرارات,2025/11/22,"16,921,613"
 الشرقية,الدمام,مزاد,2025/11/22,"16,921,616"
 الشرقية,الدمام,اخلاء,2025/11/22,"16,921,605"
 الشرقية,الدمام,اخلاء,2025/11/22,"16,921,614"
 الشرقية,الدمام,اخلاء,2025/11/22,"16,921,603"
 الشرقية,الدمام,قسمة تركة,2025/11/22,"16,921,599"
 عسير,ابها,مزاد,2025/11/22,"16,921,610"
 حائل,حائل,عقود,2025/11/22,"16,921,615"
 نجران,نجران,عقود,2025/11/22,"16,921,604"
 الشرقية,حفر الباطن,قسمة تركة,2025/11/23,"16,924,074"
 الحدود الشمالية,عرعر,قسمة تركة,2025/11/23,"16,931,166"
 الرياض,الرياض,مزاد,2025/11/24,"16,937,104"
 الرياض,الرياض,مزاد,2025/11/24,"16,948,800"
 الرياض,الرياض,مزاد,2025/11/24,"16,948,801"
 الرياض,الرياض,قسمة تركة,2025/11/24,"16,937,103"
 مكة المكرمه,مكة المكرمة,قسمة تركة,2025/11/24,"16,944,568"
 القصيم,بريده,قسمة تركة,2025/11/24,"16,948,802"
 القصيم,بريده,مزاد,2025/11/24,"16,943,741"
 القصيم,بريده,قسمة تركة,2025/11/24,"16,947,177"
 القصيم,بريده,قسمة تركة,2025/11/24,"16,948,804"
 القصيم,بريده,قسمة تركة,2025/11/24,"16,948,799"
 الرياض,الرياض,قسمة تركة,2025/11/25,"16,961,645"
 الرياض,الرياض,قسمة تركة,2025/11/26,"16,967,044"
 الرياض,الرياض,قسمة تركة,2025/11/26,"16,962,031"
 الرياض,الرياض,قسمة تركة,2025/11/26,"16,962,029"
 الرياض,الرياض,قسمة تركة,2025/11/26,"16,962,035"
 الرياض,الرياض,قسمة تركة,2025/11/26,"16,962,030"
 الرياض,الرياض,قسمة تركة,2025/11/26,"16,962,033"
 مكة المكرمه,مكة المكرمة,قسمة تركة,2025/11/26,"16,962,024"
 مكة المكرمه,جده,قسمة تركة,2025/11/26,"16,969,408"
 مكة المكرمه,جده,قسمة تركة,2025/11/26,"16,962,025"
 مكة المكرمه,جده,أوراق تجارية,2025/11/26,"16,969,400"
 مكة المكرمه,جده,أوراق تجارية,2025/11/26,"16,969,401"
 المدينة المنوره,المدينة المنورة,قسمة تركة,2025/11/26,"16,969,406"
 المدينة المنوره,المدينة المنورة,أوراق تجارية,2025/11/26,"16,969,404"
 القصيم,بريده,قسمة تركة,2025/11/26,"16,969,403"
 القصيم,بريده,أوراق تجارية,2025/11/26,"16,969,409"
 الشرقية,الدمام,مزاد,2025/11/26,"16,962,027"
 الشرقية,الدمام,قسمة تركة,2025/11/26,"16,969,405"
 الشرقية,الدمام,قسمة تركة,2025/11/26,"16,969,402"
 عسير,ابها,قسمة تركة,2025/11/26,"16,969,410"
 عسير,ابها,قسمة تركة,2025/11/26,"16,969,407"
 الرياض,الرياض,مزاد,2025/11/27,"16,981,226"
 الرياض,الرياض,قسمة تركة,2025/11/27,"16,981,229"
 الرياض,الرياض,قسمة تركة,2025/11/27,"16,981,281"
 الرياض,الرياض,مزاد,2025/11/27,"16,981,283"
 الرياض,الرياض,مزاد,2025/11/27,"16,981,236"
 الرياض,الرياض,قسمة تركة,2025/11/27,"16,981,247"
 الرياض,الرياض,قسمة تركة,2025/11/27,"16,981,286"
 الرياض,الرياض,قسمة تركة,2025/11/27,"16,981,279"
 الرياض,الرياض,قسمة تركة,2025/11/27,"16,981,242"
 الرياض,الرياض,قسمة تركة,2025/11/27,"16,981,257"
 الرياض,الرياض,أوراق تجارية,2025/11/27,"16,981,255"
 الرياض,الرياض,قسمة تركة,2025/11/27,"16,981,253"
 الرياض,الرياض,قسمة تركة,2025/11/27,"16,981,282"
 الرياض,الرياض,قسمة تركة,2025/11/27,"16,981,232"
 الرياض,الرياض,قسمة تركة,2025/11/27,"16,981,225"
 الرياض,الرياض,قسمة تركة,2025/11/27,"16,981,230"
 الرياض,الرياض,قسمة تركة,2025/11/27,"16,981,219"
 مكة المكرمه,مكة المكرمة,قسمة تركة,2025/11/27,"16,981,221"
 مكة المكرمه,مكة المكرمة,مزاد,2025/11/27,"16,981,254"
 مكة المكرمه,مكة المكرمة,مزاد,2025/11/27,"16,981,252"
 مكة المكرمه,مكة المكرمة,قسمة تركة,2025/11/27,"16,977,099"
 مكة المكرمه,مكة المكرمة,قسمة تركة,2025/11/27,"16,979,816"
 مكة المكرمه,مكة المكرمة,مزاد,2025/11/27,"16,981,235"
 مكة المكرمه,جده,قسمة تركة,2025/11/27,"16,981,214"
 مكة المكرمه,جده,قسمة تركة,2025/11/27,"16,981,284"
 مكة المكرمه,جده,قسمة تركة,2025/11/27,"16,981,241"
 مكة المكرمه,جده,مزاد,2025/11/27,"16,981,212"
 مكة المكرمه,جده,قسمة تركة,2025/11/27,"16,981,273"
 مكة المكرمه,جده,مزاد,2025/11/27,"16,981,227"
 مكة المكرمه,جده,قسمة تركة,2025/11/27,"16,981,244"
 مكة المكرمه,جده,قسمة تركة,2025/11/27,"16,981,217"
 مكة المكرمه,جده,أوراق تجارية,2025/11/27,"16,981,277"
 المدينة المنوره,المدينة المنورة,مزاد,2025/11/27,"16,981,218"
 المدينة المنوره,المدينة المنورة,مزاد,2025/11/27,"16,981,285"
 المدينة المنوره,المدينة المنورة,مزاد,2025/11/27,"16,981,222"
 المدينة المنوره,المدينة المنورة,قسمة تركة,2025/11/27,"16,981,213"
 المدينة المنوره,المدينة المنورة,قسمة تركة,2025/11/27,"16,981,250"
 المدينة المنوره,المدينة المنورة,أوراق تجارية,2025/11/27,"16,981,256"
 القصيم,بريده,قسمة تركة,2025/11/27,"16,981,231"
 القصيم,بريده,مزاد,2025/11/27,"16,981,245"
 القصيم,بريده,قسمة تركة,2025/11/27,"16,981,223"
 القصيم,بريده,قسمة تركة,2025/11/27,"16,981,251"
 الشرقية,الدمام,قسمة تركة,2025/11/27,"16,981,249"
 الشرقية,الدمام,قسمة تركة,2025/11/27,"16,981,215"
 الشرقية,الدمام,مزاد,2025/11/27,"16,981,275"
 الشرقية,حفر الباطن,مزاد,2025/11/27,"16,981,234"
 الشرقية,حفر الباطن,احكام و قرارات,2025/11/27,"16,981,238"
 الشرقية,حفر الباطن,مزاد,2025/11/27,"16,981,216"
 الشرقية,حفر الباطن,قسمة تركة,2025/11/27,"16,981,224"
 تبوك,تبوك,مزاد,2025/11/27,"16,981,278"
 تبوك,تبوك,قسمة تركة,2025/11/27,"16,981,276"
 تبوك,تبوك,قسمة تركة,2025/11/27,"16,981,240"
 تبوك,تبوك,قسمة تركة,2025/11/27,"16,981,248"
 تبوك,تبوك,عقود,2025/11/27,"16,981,274"
 تبوك,تبوك,قسمة تركة,2025/11/27,"16,981,280"
 تبوك,تبوك,قسمة تركة,2025/11/27,"16,981,233"
 حائل,حائل,قسمة تركة,2025/11/27,"16,981,237"
 جازان,جيزان,قسمة تركة,2025/11/27,"16,981,220"
 جازان,جيزان,قسمة تركة,2025/11/27,"16,981,243"
 الجوف,سكاكا,قسمة تركة,2025/11/27,"16,981,239"
 الحدود الشمالية,عرعر,قسمة تركة,2025/11/27,"16,981,228"
 الباحة,الباحه,قسمة تركة,2025/11/27,"16,981,246"
 الرياض,الرياض,قسمة تركة,2025/11/30,"17,010,986"
 الرياض,الرياض,قسمة تركة,2025/11/30,"17,010,987"
 الرياض,الرياض,قسمة تركة,2025/11/30,"17,007,752"
 الرياض,الرياض,قسمة تركة,2025/11/30,"17,007,781"
 الرياض,الرياض,قسمة تركة,2025/11/30,"17,001,559"
 الرياض,الرياض,قسمة تركة,2025/11/30,"17,007,751"
 الرياض,الرياض,قسمة تركة,2025/11/30,"17,007,757"
 الرياض,الرياض,مزاد,2025/11/30,"17,007,769"
 الرياض,الرياض,احكام و قرارات,2025/11/30,"17,007,747"
 الرياض,الرياض,قسمة تركة,2025/11/30,"17,001,574"
 الرياض,الرياض,قسمة تركة,2025/11/30,"17,007,761"
 الرياض,الرياض,قسمة تركة,2025/11/30,"17,007,755"
 مكة المكرمه,مكة المكرمة,مزاد,2025/11/30,"17,007,753"
 مكة المكرمه,مكة المكرمة,قسمة تركة,2025/11/30,"17,001,575"
 مكة المكرمه,مكة المكرمة,قسمة تركة,2025/11/30,"17,007,764"
 مكة المكرمه,مكة المكرمة,قسمة تركة,2025/11/30,"17,007,754"
 مكة المكرمه,مكة المكرمة,قسمة تركة,2025/11/30,"17,001,548"
 مكة المكرمه,مكة المكرمة,أوراق تجارية,2025/11/30,"17,001,549"
 مكة المكرمه,مكة المكرمة,مزاد,2025/11/30,"17,001,553"
 مكة المكرمه,جده,مزاد,2025/11/30,"17,001,576"
 مكة المكرمه,جده,احكام و قرارات,2025/11/30,"17,001,568"
 مكة المكرمه,جده,قسمة تركة,2025/11/30,"17,001,580"
 مكة المكرمه,جده,مزاد,2025/11/30,"17,001,588"
 مكة المكرمه,جده,أوراق تجارية,2025/11/30,"17,007,772"
 مكة المكرمه,جده,قسمة تركة,2025/11/30,"17,001,569"
 مكة المكرمه,جده,قسمة تركة,2025/11/30,"17,001,564"
 مكة المكرمه,جده,قسمة تركة,2025/11/30,"17,007,750"
 مكة المكرمه,جده,مزاد,2025/11/30,"17,007,748"
 مكة المكرمه,جده,قسمة تركة,2025/11/30,"17,001,581"
 مكة المكرمه,جده,مزاد,2025/11/30,"17,007,760"
 مكة المكرمه,جده,عام,2025/11/30,"17,001,572"
 مكة المكرمه,جده,مزاد,2025/11/30,"17,001,546"
 مكة المكرمه,جده,قسمة تركة,2025/11/30,"17,007,771"
 مكة المكرمه,جده,مزاد,2025/11/30,"17,007,765"
 مكة المكرمه,الطائف,احكام و قرارات,2025/11/30,"17,007,770"
 مكة المكرمه,الطائف,اخلاء,2025/11/30,"17,009,328"
 المدينة المنوره,المدينة المنورة,قسمة تركة,2025/11/30,"17,007,746"
 المدينة المنوره,المدينة المنورة,قسمة تركة,2025/11/30,"17,007,776"
 المدينة المنوره,المدينة المنورة,قسمة تركة,2025/11/30,"17,007,758"
 القصيم,بريده,مزاد,2025/11/30,"17,001,551"
 القصيم,بريده,قسمة تركة,2025/11/30,"17,007,778"
 القصيم,بريده,مزاد,2025/11/30,"17,010,043"
 القصيم,بريده,قسمة تركة,2025/11/30,"17,007,775"
 القصيم,بريده,مزاد,2025/11/30,"17,001,570"
 القصيم,بريده,مزاد,2025/11/30,"17,001,558"
 القصيم,بريده,مزاد,2025/11/30,"17,001,557"
 القصيم,بريده,قسمة تركة,2025/11/30,"17,001,282"
 القصيم,بريده,قسمة تركة,2025/11/30,"17,001,206"
 القصيم,بريده,قسمة تركة,2025/11/30,"17,001,189"
 القصيم,بريده,قسمة تركة,2025/11/30,"17,001,181"
 القصيم,بريده,قسمة تركة,2025/11/30,"17,001,170"
 القصيم,بريده,قسمة تركة,2025/11/30,"17,001,565"
 القصيم,بريده,قسمة تركة,2025/11/30,"17,001,563"
 القصيم,بريده,قسمة تركة,2025/11/30,"16,997,506"
 القصيم,بريده,قسمة تركة,2025/11/30,"16,995,575"
 القصيم,بريده,قسمة تركة,2025/11/30,"16,995,572"
 القصيم,بريده,قسمة تركة,2025/11/30,"17,001,578"
 الشرقية,الدمام,قسمة تركة,2025/11/30,"17,007,779"
 الشرقية,الدمام,قسمة تركة,2025/11/30,"17,007,759"
 الشرقية,الدمام,عقود,2025/11/30,"17,007,768"
 الشرقية,الدمام,قسمة تركة,2025/11/30,"17,001,566"
 الشرقية,الدمام,اخلاء,2025/11/30,"17,001,545"
 الشرقية,الدمام,قسمة تركة,2025/11/30,"17,007,773"
 الشرقية,الدمام,قسمة تركة,2025/11/30,"17,001,571"
 الشرقية,الدمام,قسمة تركة,2025/11/30,"17,007,767"
 الشرقية,الدمام,قسمة تركة,2025/11/30,"17,007,774"
 الشرقية,الاحساء,قسمة تركة,2025/11/30,"17,001,587"
 الشرقية,الاحساء,قسمة تركة,2025/11/30,"17,001,552"
 الشرقية,الاحساء,مزاد,2025/11/30,"17,001,547"
 الشرقية,الاحساء,قسمة تركة,2025/11/30,"17,001,589"
 الشرقية,الاحساء,قسمة تركة,2025/11/30,"17,001,567"
 الشرقية,الاحساء,قسمة تركة,2025/11/30,"17,001,583"
 الشرقية,الاحساء,احكام و قرارات,2025/11/30,"17,001,562"
 الشرقية,حفر الباطن,أوراق تجارية,2025/11/30,"17,001,573"
 عسير,ابها,قسمة تركة,2025/11/30,"17,001,550"
 حائل,حائل,قسمة تركة,2025/11/30,"17,001,582"
 جازان,جيزان,قسمة تركة,2025/11/30,"17,007,777"
 جازان,جيزان,قسمة تركة,2025/11/30,"17,007,749"
 جازان,جيزان,قسمة تركة,2025/11/30,"17,007,782"
 جازان,جيزان,قسمة تركة,2025/11/30,"17,007,780"
 جازان,جيزان,قسمة تركة,2025/11/30,"17,007,762"
 الجوف,سكاكا,قسمة تركة,2025/11/30,"17,007,756"
 الرياض,الرياض,قسمة تركة,2025/12/01,"17,023,887"
 الرياض,الرياض,قسمة تركة,2025/12/01,"17,023,882"
 الرياض,الرياض,قسمة تركة,2025/12/01,"17,023,416"
 الرياض,الرياض,قسمة تركة,2025/12/01,"17,023,883"
 الرياض,الرياض,قسمة تركة,2025/12/01,"17,023,422"
 الرياض,الرياض,قسمة تركة,2025/12/01,"17,023,432"
 الرياض,الرياض,قسمة تركة,2025/12/01,"17,023,884"
 الرياض,الرياض,قسمة تركة,2025/12/01,"17,027,102"
 الرياض,الرياض,قسمة تركة,2025/12/01,"17,024,340"
 الرياض,الرياض,قسمة تركة,2025/12/01,"17,027,091"
 مكة المكرمه,مكة المكرمة,مزاد,2025/12/01,"17,027,089"
 مكة المكرمه,مكة المكرمة,مزاد,2025/12/01,"17,026,197"
 مكة المكرمه,مكة المكرمة,قسمة تركة,2025/12/01,"17,027,085"
 مكة المكرمه,مكة المكرمة,مزاد,2025/12/01,"17,023,709"
 مكة المكرمه,مكة المكرمة,مزاد,2025/12/01,"17,027,093"
 مكة المكرمه,جده,قسمة تركة,2025/12/01,"17,027,096"
 مكة المكرمه,جده,عقود,2025/12/01,"17,027,106"
 مكة المكرمه,جده,قسمة تركة,2025/12/01,"17,027,104"
 مكة المكرمه,جده,أوراق تجارية,2025/12/01,"17,023,888"
 مكة المكرمه,جده,قسمة تركة,2025/12/01,"17,023,426"
 مكة المكرمه,جده,احكام و قرارات,2025/12/01,"17,027,092"
 مكة المكرمه,جده,أوراق تجارية,2025/12/01,"17,023,876"
 مكة المكرمه,جده,قسمة تركة,2025/12/01,"17,023,420"
 المدينة المنوره,المدينة المنورة,احكام و قرارات,2025/12/01,"17,023,417"
 المدينة المنوره,المدينة المنورة,قسمة تركة,2025/12/01,"17,027,103"
 المدينة المنوره,المدينة المنورة,مزاد,2025/12/01,"17,027,095"
 المدينة المنوره,المدينة المنورة,قسمة تركة,2025/12/01,"17,027,086"
 المدينة المنوره,المدينة المنورة,قسمة تركة,2025/12/01,"17,023,421"
 المدينة المنوره,المدينة المنورة,مزاد,2025/12/01,"17,027,094"
 الشرقية,الدمام,قسمة تركة,2025/12/01,"17,023,886"
 الشرقية,الدمام,مزاد,2025/12/01,"17,023,879"
 الشرقية,الدمام,أوراق تجارية,2025/12/01,"17,023,419"
 الشرقية,الدمام,مزاد,2025/12/01,"17,023,880"
 الشرقية,الدمام,اخلاء,2025/12/01,"17,027,084"
 الشرقية,الدمام,مزاد,2025/12/01,"17,027,105"
 الشرقية,الدمام,مزاد,2025/12/01,"17,027,087"
 الشرقية,حفر الباطن,قسمة تركة,2025/12/01,"17,023,878"
 عسير,ابها,قسمة تركة,2025/12/01,"17,027,100"
 عسير,ابها,قسمة تركة,2025/12/01,"17,023,885"
 عسير,ابها,قسمة تركة,2025/12/01,"17,027,098"
 عسير,ابها,قسمة تركة,2025/12/01,"17,027,101"
 تبوك,تبوك,أوراق تجارية,2025/12/01,"17,027,090"
 تبوك,تبوك,قسمة تركة,2025/12/01,"17,027,088"
 حائل,حائل,قسمة تركة,2025/12/01,"17,023,425"
 نجران,نجران,قسمة تركة,2025/12/01,"17,023,881"
 الرياض,الرياض,قسمة تركة,2025/12/02,"17,040,728"
 الرياض,الرياض,قسمة تركة,2025/12/02,"17,040,732"
 الرياض,الرياض,قسمة تركة,2025/12/02,"17,040,730"
 الرياض,الرياض,قسمة تركة,2025/12/02,"17,037,871"
 الرياض,الرياض,قسمة تركة,2025/12/02,"17,028,092"
 الرياض,الرياض,قسمة تركة,2025/12/02,"17,037,875"
 الرياض,الرياض,قسمة تركة,2025/12/02,"17,037,874"
 الرياض,الرياض,قسمة تركة,2025/12/02,"17,037,864"
 الرياض,الرياض,قسمة تركة,2025/12/02,"17,040,729"
 مكة المكرمه,مكة المكرمة,قسمة تركة,2025/12/02,"17,036,134"
 مكة المكرمه,جده,قسمة تركة,2025/12/02,"17,037,865"
 مكة المكرمه,جده,قسمة تركة,2025/12/02,"17,037,873"
 مكة المكرمه,جده,قسمة تركة,2025/12/02,"17,037,878"
 مكة المكرمه,جده,قسمة تركة,2025/12/02,"17,037,866"
 مكة المكرمه,جده,قسمة تركة,2025/12/02,"17,037,879"
 مكة المكرمه,جده,مزاد,2025/12/02,"17,039,512"
 مكة المكرمه,جده,قسمة تركة,2025/12/02,"17,037,867"
 مكة المكرمه,جده,قسمة تركة,2025/12/02,"17,037,870"
 مكة المكرمه,جده,احكام و قرارات,2025/12/02,"17,039,514"
 المدينة المنوره,المدينة المنورة,قسمة تركة,2025/12/02,"17,037,869"
 المدينة المنوره,المدينة المنورة,قسمة تركة,2025/12/02,"17,032,410"
 عسير,ابها,قسمة تركة,2025/12/02,"17,037,872"
 حائل,حائل,مزاد,2025/12/02,"17,040,098"
 الرياض,الرياض,قسمة تركة,2025/12/03,"17,049,449"
 الرياض,الرياض,مزاد,2025/12/03,"17,049,444"
 الرياض,الرياض,قسمة تركة,2025/12/03,"17,049,461"
 الرياض,الرياض,قسمة تركة,2025/12/03,"17,049,448"
 الرياض,الرياض,قسمة تركة,2025/12/03,"17,049,455"
 الرياض,الرياض,قسمة تركة,2025/12/03,"17,049,445"
 مكة المكرمه,مكة المكرمة,قسمة تركة,2025/12/03,"17,049,464"
 مكة المكرمه,جده,قسمة تركة,2025/12/03,"17,049,451"
 مكة المكرمه,الطائف,مزاد,2025/12/03,"17,049,460"
 الشرقية,حفر الباطن,قسمة تركة,2025/12/03,"17,042,855"
 تبوك,تبوك,قسمة تركة,2025/12/03,"17,049,459"
 تبوك,تبوك,قسمة تركة,2025/12/03,"17,049,463"
 تبوك,تبوك,قسمة تركة,2025/12/03,"17,049,454"
 تبوك,تبوك,قسمة تركة,2025/12/03,"17,049,452"
 تبوك,تبوك,قسمة تركة,2025/12/03,"17,049,462"
 حائل,حائل,قسمة تركة,2025/12/03,"17,049,458"
 حائل,حائل,مزاد,2025/12/03,"17,049,457"
 حائل,حائل,قسمة تركة,2025/12/03,"17,049,450"
 حائل,حائل,قسمة تركة,2025/12/03,"17,049,446"
 حائل,حائل,مزاد,2025/12/03,"17,049,447"
 الرياض,الرياض,قسمة تركة,2025/12/04,"17,059,677"
 الرياض,الرياض,مزاد,2025/12/04,"17,059,919"
 الرياض,الرياض,مزاد,2025/12/04,"17,059,900"
 الرياض,الرياض,قسمة تركة,2025/12/04,"17,059,696"
 الرياض,الرياض,قسمة تركة,2025/12/04,"17,059,674"
 الرياض,الرياض,قسمة تركة,2025/12/04,"17,059,669"
 الرياض,الرياض,عام,2025/12/04,"17,059,911"
 الرياض,الرياض,احكام و قرارات,2025/12/04,"17,059,681"
 الرياض,الرياض,قسمة تركة,2025/12/04,"17,059,705"
 الرياض,الرياض,قسمة تركة,2025/12/04,"17,059,912"
 الرياض,الرياض,قسمة تركة,2025/12/04,"17,059,671"
 الرياض,الرياض,قسمة تركة,2025/12/04,"17,059,666"
 الرياض,الرياض,مزاد,2025/12/04,"17,059,903"
 الرياض,الرياض,قسمة تركة,2025/12/04,"17,059,901"
 الرياض,الرياض,قسمة تركة,2025/12/04,"17,059,899"
 الرياض,الرياض,قسمة تركة,2025/12/04,"17,059,898"
 الرياض,الرياض,قسمة تركة,2025/12/04,"17,059,920"
 الرياض,الرياض,قسمة تركة,2025/12/04,"17,059,918"
 الرياض,الرياض,قسمة تركة,2025/12/04,"17,059,917"
 الرياض,الرياض,قسمة تركة,2025/12/04,"17,059,916"
 الرياض,الرياض,قسمة تركة,2025/12/04,"17,059,915"
 الرياض,الرياض,قسمة تركة,2025/12/04,"17,059,908"
 الرياض,الرياض,قسمة تركة,2025/12/04,"17,059,906"
 الرياض,الرياض,قسمة تركة,2025/12/04,"17,059,904"
 الرياض,الرياض,قسمة تركة,2025/12/04,"17,059,686"
 الرياض,الرياض,قسمة تركة,2025/12/04,"17,059,664"
 الرياض,الرياض,قسمة تركة,2025/12/04,"17,059,682"
 الرياض,الرياض,قسمة تركة,2025/12/04,"17,059,679"
 الرياض,الرياض,قسمة تركة,2025/12/04,"17,059,695"
 الرياض,الرياض,قسمة تركة,2025/12/04,"17,059,680"
 الرياض,الرياض,عام,2025/12/04,"17,059,910"
 الرياض,الرياض,مزاد,2025/12/04,"17,059,676"
 الرياض,الرياض,قسمة تركة,2025/12/04,"17,059,683"
 الرياض,الرياض,قسمة تركة,2025/12/04,"17,059,667"
 الرياض,الرياض,قسمة تركة,2025/12/04,"17,059,692"
 الرياض,الرياض,قسمة تركة,2025/12/04,"17,059,694"
 الرياض,الرياض,قسمة تركة,2025/12/04,"17,059,672"
 الرياض,الرياض,قسمة تركة,2025/12/04,"17,059,706"
 مكة المكرمه,جده,قسمة تركة,2025/12/04,"17,059,698"
 مكة المكرمه,جده,قسمة تركة,2025/12/04,"17,059,668"
 مكة المكرمه,جده,قسمة تركة,2025/12/04,"17,059,709"
 مكة المكرمه,جده,أوراق تجارية,2025/12/04,"17,059,688"
 مكة المكرمه,جده,احكام و قرارات,2025/12/04,"17,059,693"
 مكة المكرمه,جده,أوراق تجارية,2025/12/04,"17,059,914"
 المدينة المنوره,المدينة المنورة,قسمة تركة,2025/12/04,"17,059,697"
 المدينة المنوره,المدينة المنورة,قسمة تركة,2025/12/04,"17,059,687"
 المدينة المنوره,المدينة المنورة,قسمة تركة,2025/12/04,"17,059,675"
 المدينة المنوره,المدينة المنورة,احكام و قرارات,2025/12/04,"17,059,707"
 القصيم,بريده,احكام و قرارات,2025/12/04,"17,059,703"
 الشرقية,الدمام,قسمة تركة,2025/12/04,"17,059,907"
 الشرقية,الدمام,أوراق تجارية,2025/12/04,"17,059,708"
 الشرقية,الدمام,قسمة تركة,2025/12/04,"17,059,896"
 الشرقية,الدمام,عقود,2025/12/04,"17,059,670"
 الشرقية,الدمام,اخلاء,2025/12/04,"17,059,665"
 الشرقية,الدمام,أوراق تجارية,2025/12/04,"17,059,663"
 الشرقية,الدمام,مزاد,2025/12/04,"17,059,704"
 الشرقية,الدمام,أوراق تجارية,2025/12/04,"17,059,689"
 الشرقية,الدمام,عقود,2025/12/04,"17,059,700"
 الشرقية,الدمام,اخلاء,2025/12/04,"17,059,673"
 الشرقية,الدمام,قسمة تركة,2025/12/04,"17,059,685"
 الشرقية,الدمام,احكام و قرارات,2025/12/04,"17,059,701"
 الشرقية,الدمام,اخلاء,2025/12/04,"17,059,895"
 الشرقية,الدمام,قسمة تركة,2025/12/04,"17,059,702"
 الشرقية,الدمام,عقود,2025/12/04,"17,059,690"
 الشرقية,الدمام,قسمة تركة,2025/12/04,"17,059,699"
 الشرقية,الدمام,قسمة تركة,2025/12/04,"17,059,691"
 الشرقية,الاحساء,قسمة تركة,2025/12/04,"17,059,902"
 عسير,ابها,قسمة تركة,2025/12/04,"17,059,897"
 عسير,ابها,قسمة تركة,2025/12/04,"17,059,921"
 عسير,ابها,قسمة تركة,2025/12/04,"17,059,923"
 عسير,ابها,قسمة تركة,2025/12/04,"17,059,909"
 حائل,حائل,قسمة تركة,2025/12/04,"17,059,684"
 حائل,حائل,قسمة تركة,2025/12/04,"17,059,922"
 حائل,حائل,قسمة تركة,2025/12/04,"17,059,678"
 حائل,حائل,قسمة تركة,2025/12/04,"17,059,905"
 جازان,جيزان,قسمة تركة,2025/12/04,"17,059,913"
 الجوف,سكاكا,قسمة تركة,2025/12/04,"17,058,536"
 الجوف,سكاكا,قسمة تركة,2025/12/04,"17,058,535"
 الجوف,سكاكا,قسمة تركة,2025/12/04,"17,058,534"
 الجوف,سكاكا,قسمة تركة,2025/12/04,"17,058,533"
 الجوف,سكاكا,قسمة تركة,2025/12/04,"17,058,532"
 الجوف,سكاكا,قسمة تركة,2025/12/04,"17,058,537"
 الجوف,سكاكا,قسمة تركة,2025/12/04,"17,058,531"
 الجوف,سكاكا,قسمة تركة,2025/12/04,"17,058,538"
 الجوف,سكاكا,قسمة تركة,2025/12/04,"17,058,539"
 الجوف,سكاكا,قسمة تركة,2025/12/04,"17,058,540"
 الجوف,سكاكا,قسمة تركة,2025/12/04,"17,058,543"
 الجوف,سكاكا,قسمة تركة,2025/12/04,"17,058,541"
 الجوف,سكاكا,قسمة تركة,2025/12/04,"17,058,542"
 الرياض,الرياض,قسمة تركة,2025/12/07,"17,086,029"
 الرياض,الرياض,قسمة تركة,2025/12/07,"17,086,037"
 الرياض,الرياض,قسمة تركة,2025/12/07,"17,086,040"
 الرياض,الرياض,قسمة تركة,2025/12/07,"17,086,047"
 الرياض,الرياض,قسمة تركة,2025/12/07,"17,086,021"
 الرياض,الرياض,مزاد,2025/12/07,"17,086,031"
 مكة المكرمه,مكة المكرمة,قسمة تركة,2025/12/07,"17,086,045"
 مكة المكرمه,جده,مزاد,2025/12/07,"17,086,030"
 مكة المكرمه,جده,مزاد,2025/12/07,"17,086,027"
 المدينة المنوره,المدينة المنورة,أوراق تجارية,2025/12/07,"17,086,042"
 القصيم,بريده,مزاد,2025/12/07,"17,086,041"
 القصيم,بريده,قسمة تركة,2025/12/07,"17,086,044"
 عسير,ابها,قسمة تركة,2025/12/07,"17,086,034"
 عسير,ابها,قسمة تركة,2025/12/07,"17,086,026"
 عسير,ابها,قسمة تركة,2025/12/07,"17,086,028"
 عسير,ابها,قسمة تركة,2025/12/07,"17,086,036"
 عسير,ابها,قسمة تركة,2025/12/07,"17,086,022"
 عسير,ابها,قسمة تركة,2025/12/07,"17,086,035"
 عسير,ابها,مزاد,2025/12/07,"17,086,033"
 جازان,جيزان,عقود,2025/12/07,"17,086,039"
 الرياض,الرياض,قسمة تركة,2025/12/08,"17,107,874"
 الرياض,الرياض,قسمة تركة,2025/12/08,"17,107,870"
 الرياض,الرياض,قسمة تركة,2025/12/08,"17,107,877"
 الرياض,الرياض,قسمة تركة,2025/12/08,"17,107,868"
 الرياض,الرياض,قسمة تركة,2025/12/08,"17,107,856"
 الرياض,الرياض,مزاد,2025/12/08,"17,107,860"
 مكة المكرمه,جده,قسمة تركة,2025/12/08,"17,107,866"
 المدينة المنوره,المدينة المنورة,قسمة تركة,2025/12/08,"17,107,862"
 القصيم,بريده,قسمة تركة,2025/12/08,"17,107,867"
 القصيم,بريده,قسمة تركة,2025/12/08,"17,107,878"
 الشرقية,الدمام,قسمة تركة,2025/12/08,"17,107,865"
 الشرقية,الدمام,قسمة تركة,2025/12/08,"17,107,876"
 الشرقية,حفر الباطن,قسمة تركة,2025/12/08,"17,107,861"
 الشرقية,حفر الباطن,قسمة تركة,2025/12/08,"17,107,872"
 عسير,ابها,قسمة تركة,2025/12/08,"17,107,864"
 تبوك,تبوك,أوراق تجارية,2025/12/08,"17,107,863"
 حائل,حائل,قسمة تركة,2025/12/08,"17,107,855"
 الباحة,الباحه,مزاد,2025/12/08,"17,107,869"
 الباحة,الباحه,مزاد,2025/12/08,"17,107,858"
 الباحة,الباحه,قسمة تركة,2025/12/08,"17,107,857"
 الباحة,الباحه,قسمة تركة,2025/12/08,"17,107,859"
 الباحة,الباحه,قسمة تركة,2025/12/08,"17,107,875"
 الرياض,الرياض,قسمة تركة,2025/12/09,"17,113,229"
 الرياض,الرياض,قسمة تركة,2025/12/09,"17,113,189"
 الرياض,الرياض,قسمة تركة,2025/12/09,"17,113,188"
 الرياض,الرياض,قسمة تركة,2025/12/09,"17,129,583"
 الرياض,الرياض,قسمة تركة,2025/12/09,"17,113,181"
 مكة المكرمه,جده,قسمة تركة,2025/12/09,"17,129,578"
 مكة المكرمه,جده,قسمة تركة,2025/12/09,"17,111,157"
 مكة المكرمه,جده,مزاد,2025/12/09,"17,129,576"
 المدينة المنوره,المدينة المنورة,قسمة تركة,2025/12/09,"17,129,580"
 القصيم,بريده,قسمة تركة,2025/12/09,"17,129,582"
 الشرقية,الاحساء,قسمة تركة,2025/12/09,"17,129,585"
 الشرقية,الاحساء,قسمة تركة,2025/12/09,"17,129,587"
 الشرقية,حفر الباطن,قسمة تركة,2025/12/09,"17,129,589"
 عسير,ابها,قسمة تركة,2025/12/09,"17,129,577"
 عسير,ابها,مزاد,2025/12/09,"17,129,590"
 عسير,ابها,قسمة تركة,2025/12/09,"17,129,591"
 عسير,ابها,قسمة تركة,2025/12/09,"17,129,588"
 تبوك,تبوك,قسمة تركة,2025/12/09,"17,125,481"
 تبوك,تبوك,قسمة تركة,2025/12/09,"17,129,581"
 تبوك,تبوك,قسمة تركة,2025/12/09,"17,129,584"
 حائل,حائل,قسمة تركة,2025/12/09,"17,129,586"
 الباحة,الباحه,قسمة تركة,2025/12/09,"17,129,579"
 الرياض,الرياض,قسمة تركة,2025/12/10,"17,130,887"
 مكة المكرمه,مكة المكرمة,أوراق تجارية,2025/12/10,"17,130,895"
 مكة المكرمه,مكة المكرمة,أوراق تجارية,2025/12/10,"17,130,899"
 مكة المكرمه,جده,مزاد,2025/12/10,"17,131,460"
 المدينة المنوره,المدينة المنورة,قسمة تركة,2025/12/10,"17,139,795"
 القصيم,بريده,قسمة تركة,2025/12/10,"17,130,898"
 القصيم,بريده,قسمة تركة,2025/12/10,"17,130,888"
 جازان,جيزان,قسمة تركة,2025/12/10,"17,140,468"
 الجوف,سكاكا,أوراق تجارية,2025/12/10,"17,130,896"
 الرياض,الرياض,قسمة تركة,2025/12/11,"17,154,427"
 الشرقية,الاحساء,مزاد,2025/12/11,"17,154,671"
 الرياض,الرياض,قسمة تركة,2025/12/12,"17,156,815"
 الرياض,الرياض,مزاد,2025/12/12,"17,156,813"
 الرياض,الرياض,قسمة تركة,2025/12/12,"17,156,818"
 الرياض,الرياض,قسمة تركة,2025/12/12,"17,156,817"
 الشرقية,الدمام,قسمة تركة,2025/12/12,"17,156,814"
 الشرقية,الدمام,قسمة تركة,2025/12/12,"17,156,812"
 جازان,جيزان,قسمة تركة,2025/12/12,"17,156,816"
 الرياض,الرياض,مزاد,2025/12/14,"17,178,447"
 الرياض,الرياض,مزاد,2025/12/14,"17,178,448"
 الرياض,الرياض,قسمة تركة,2025/12/14,"17,178,446"
 مكة المكرمه,مكة المكرمة,مزاد,2025/12/14,"17,178,449"
 مكة المكرمه,جده,قسمة تركة,2025/12/14,"17,190,934"
 مكة المكرمه,جده,قسمة تركة,2025/12/14,"17,190,900"
 مكة المكرمه,جده,قسمة تركة,2025/12/14,"17,178,624"
 مكة المكرمه,جده,مزاد,2025/12/14,"17,178,574"
 مكة المكرمه,جده,مزاد,2025/12/14,"17,178,577"
 مكة المكرمه,جده,قسمة تركة,2025/12/14,"17,178,619"
 مكة المكرمه,جده,قسمة تركة,2025/12/14,"17,178,591"
 مكة المكرمه,جده,عقود,2025/12/14,"17,172,815"
 مكة المكرمه,جده,قسمة تركة,2025/12/14,"17,190,901"
 الرياض,الرياض,مزاد,2025/12/15,"17,201,899"
 الرياض,الرياض,قسمة تركة,2025/12/15,"17,201,381"
 الرياض,الرياض,قسمة تركة,2025/12/15,"17,201,365"
 الرياض,الرياض,قسمة تركة,2025/12/15,"17,198,621"
 الرياض,الرياض,قسمة تركة,2025/12/15,"17,201,371"
 الرياض,الرياض,قسمة تركة,2025/12/15,"17,198,639"
 الرياض,الرياض,قسمة تركة,2025/12/15,"17,201,385"
 الرياض,الرياض,قسمة تركة,2025/12/15,"17,198,649"
 الرياض,الرياض,قسمة تركة,2025/12/15,"17,198,642"
 الرياض,الرياض,قسمة تركة,2025/12/15,"17,198,595"
 الرياض,الرياض,قسمة تركة,2025/12/15,"17,198,620"
 الرياض,الرياض,قسمة تركة,2025/12/15,"17,198,596"
 الرياض,الرياض,قسمة تركة,2025/12/15,"17,198,592"
 الرياض,الرياض,قسمة تركة,2025/12/15,"17,198,648"
 الرياض,الرياض,قسمة تركة,2025/12/15,"17,198,647"
 الرياض,الرياض,قسمة تركة,2025/12/15,"17,198,645"
 الرياض,الرياض,مزاد,2025/12/15,"17,201,382"
 الرياض,الرياض,قسمة تركة,2025/12/15,"17,198,637"
 الرياض,الرياض,قسمة تركة,2025/12/15,"17,198,634"
 الرياض,الرياض,قسمة تركة,2025/12/15,"17,198,622"
 الرياض,الرياض,قسمة تركة,2025/12/15,"17,201,897"
 الرياض,الرياض,مزاد,2025/12/15,"17,201,898"
 مكة المكرمه,مكة المكرمة,احكام و قرارات,2025/12/15,"17,205,522"
 مكة المكرمه,مكة المكرمة,احكام و قرارات,2025/12/15,"17,201,352"
 مكة المكرمه,مكة المكرمة,مزاد,2025/12/15,"17,201,354"
 مكة المكرمه,جده,مزاد,2025/12/15,"17,201,384"
 مكة المكرمه,جده,مزاد,2025/12/15,"17,201,391"
 مكة المكرمه,جده,قسمة تركة,2025/12/15,"17,198,627"
 مكة المكرمه,جده,قسمة تركة,2025/12/15,"17,198,638"
 مكة المكرمه,جده,مزاد,2025/12/15,"17,198,629"
 مكة المكرمه,جده,مزاد,2025/12/15,"17,198,632"
 مكة المكرمه,جده,أوراق تجارية,2025/12/15,"17,201,383"
 مكة المكرمه,جده,قسمة تركة,2025/12/15,"17,198,593"
 مكة المكرمه,جده,قسمة تركة,2025/12/15,"17,201,379"
 مكة المكرمه,جده,قسمة تركة,2025/12/15,"17,201,370"
 مكة المكرمه,جده,قسمة تركة,2025/12/15,"17,201,364"
 مكة المكرمه,جده,مزاد,2025/12/15,"17,211,347"
 مكة المكرمه,جده,قسمة تركة,2025/12/15,"17,201,378"
 مكة المكرمه,جده,مزاد,2025/12/15,"17,201,353"
 مكة المكرمه,جده,أوراق تجارية,2025/12/15,"17,201,372"
 مكة المكرمه,جده,مزاد,2025/12/15,"17,201,375"
 مكة المكرمه,الطائف,قسمة تركة,2025/12/15,"17,201,392"
 مكة المكرمه,الطائف,قسمة تركة,2025/12/15,"17,201,386"
 المدينة المنوره,المدينة المنورة,احكام و قرارات,2025/12/15,"17,198,650"
 المدينة المنوره,المدينة المنورة,قسمة تركة,2025/12/15,"17,210,787"
 القصيم,بريده,قسمة تركة,2025/12/15,"17,201,389"
 القصيم,بريده,عقود,2025/12/15,"17,201,369"
 القصيم,بريده,مزاد,2025/12/15,"17,201,363"
 القصيم,بريده,عام,2025/12/15,"17,201,390"
 القصيم,بريده,قسمة تركة,2025/12/15,"17,201,380"
 القصيم,بريده,قسمة تركة,2025/12/15,"17,201,367"
 القصيم,بريده,قسمة تركة,2025/12/15,"17,201,374"
 الشرقية,الدمام,أوراق تجارية,2025/12/15,"17,198,636"
 الشرقية,الدمام,أوراق تجارية إلكترونية,2025/12/15,"17,210,788"
 الشرقية,الدمام,مزاد,2025/12/15,"17,201,355"
 الشرقية,الدمام,أوراق تجارية,2025/12/15,"17,201,368"
 الشرقية,الدمام,قسمة تركة,2025/12/15,"17,210,789"
 تبوك,تبوك,قسمة تركة,2025/12/15,"17,211,164"
 تبوك,تبوك,قسمة تركة,2025/12/15,"17,198,646"
 تبوك,تبوك,قسمة تركة,2025/12/15,"17,198,633"
 جازان,جيزان,قسمة تركة,2025/12/15,"17,201,387"
 نجران,نجران,عقود,2025/12/15,"17,198,630"
 الجوف,سكاكا,قسمة تركة,2025/12/15,"17,198,598"
 الجوف,سكاكا,قسمة تركة,2025/12/15,"17,198,597"
 الجوف,سكاكا,قسمة تركة,2025/12/15,"17,198,628"
 الحدود الشمالية,عرعر,قسمة تركة,2025/12/15,"17,201,373"
 الباحة,الباحه,مزاد,2025/12/15,"17,201,376"
 الباحة,الباحه,مزاد,2025/12/15,"17,201,377"
 الرياض,الرياض,أوراق تجارية,2025/12/16,"17,225,006"
 الرياض,الرياض,أوراق تجارية,2025/12/16,"17,225,005"
 الرياض,الرياض,قسمة تركة,2025/12/16,"17,224,462"
 الرياض,الرياض,قسمة تركة,2025/12/16,"17,224,459"
 مكة المكرمه,مكة المكرمة,قسمة تركة,2025/12/16,"17,225,435"
 مكة المكرمه,جده,قسمة تركة,2025/12/16,"17,224,463"
 مكة المكرمه,جده,قسمة تركة,2025/12/16,"17,224,465"
 مكة المكرمه,جده,قسمة تركة,2025/12/16,"17,224,455"
 مكة المكرمه,جده,مزاد,2025/12/16,"17,224,456"
 مكة المكرمه,الطائف,قسمة تركة,2025/12/16,"17,225,004"
 مكة المكرمه,الطائف,قسمة تركة,2025/12/16,"17,225,008"
 المدينة المنوره,المدينة المنورة,قسمة تركة,2025/12/16,"17,225,007"
 القصيم,بريده,قسمة تركة,2025/12/16,"17,225,373"
 القصيم,بريده,قسمة تركة,2025/12/16,"17,225,396"
 القصيم,بريده,قسمة تركة,2025/12/16,"17,225,385"
 تبوك,تبوك,مزاد,2025/12/16,"17,222,541"
 تبوك,تبوك,قسمة تركة,2025/12/16,"17,222,522"
 تبوك,تبوك,قسمة تركة,2025/12/16,"17,222,528"
 حائل,حائل,قسمة تركة,2025/12/16,"17,224,461"
 حائل,حائل,قسمة تركة,2025/12/16,"17,224,464"
 الحدود الشمالية,عرعر,قسمة تركة,2025/12/16,"17,224,458"
 الرياض,الرياض,قسمة تركة,2025/12/17,"17,237,235"
 الرياض,الرياض,قسمة تركة,2025/12/17,"17,237,232"
 الرياض,الرياض,قسمة تركة,2025/12/17,"17,237,228"
 الرياض,الرياض,قسمة تركة,2025/12/17,"17,237,222"
 الرياض,الرياض,قسمة تركة,2025/12/17,"17,237,241"
 الرياض,الرياض,قسمة تركة,2025/12/17,"17,237,240"
 الرياض,الرياض,قسمة تركة,2025/12/17,"17,237,236"
 الرياض,الرياض,قسمة تركة,2025/12/17,"17,237,238"
 الرياض,الرياض,قسمة تركة,2025/12/17,"17,237,234"
 الرياض,الرياض,قسمة تركة,2025/12/17,"17,237,233"
 الرياض,الرياض,قسمة تركة,2025/12/17,"17,237,226"
 الرياض,الرياض,قسمة تركة,2025/12/17,"17,237,223"
 مكة المكرمه,مكة المكرمة,مزاد,2025/12/17,"17,237,229"
 الشرقية,الدمام,قسمة تركة,2025/12/17,"17,238,757"
 الشرقية,الدمام,مزاد,2025/12/17,"17,237,239"
 الشرقية,الدمام,قسمة تركة,2025/12/17,"17,237,237"
 الشرقية,الدمام,قسمة تركة,2025/12/17,"17,237,227"
 الشرقية,الاحساء,قسمة تركة,2025/12/17,"17,237,224"
 الشرقية,حفر الباطن,مزاد,2025/12/17,"17,230,256"
 الشرقية,حفر الباطن,مزاد,2025/12/17,"17,230,259"
 حائل,حائل,مزاد,2025/12/17,"17,237,230"
 الجوف,سكاكا,قسمة تركة,2025/12/17,"17,238,758"
 الرياض,الرياض,قسمة تركة,2025/12/18,"17,247,672"
 الرياض,الرياض,قسمة تركة,2025/12/18,"17,249,729"
 الرياض,الرياض,قسمة تركة,2025/12/18,"17,249,727"
 الرياض,الرياض,قسمة تركة,2025/12/18,"17,247,669"
 الرياض,الرياض,قسمة تركة,2025/12/18,"17,247,675"
 الرياض,الرياض,قسمة تركة,2025/12/18,"17,249,728"
 الرياض,الرياض,قسمة تركة,2025/12/18,"17,249,726"
 الرياض,الرياض,قسمة تركة,2025/12/18,"17,249,725"
 الرياض,الرياض,قسمة تركة,2025/12/18,"17,249,724"
 الرياض,الرياض,قسمة تركة,2025/12/18,"17,247,665"
 الرياض,الرياض,قسمة تركة,2025/12/18,"17,247,674"
 مكة المكرمه,مكة المكرمة,أوراق تجارية,2025/12/18,"17,249,722"
 مكة المكرمه,مكة المكرمة,أوراق تجارية,2025/12/18,"17,249,708"
 مكة المكرمه,جده,قسمة تركة,2025/12/18,"17,249,737"
 مكة المكرمه,جده,قسمة تركة,2025/12/18,"17,249,735"
 مكة المكرمه,جده,قسمة تركة,2025/12/18,"17,249,733"
 مكة المكرمه,جده,قسمة تركة,2025/12/18,"17,247,671"
 مكة المكرمه,جده,قسمة تركة,2025/12/18,"17,249,732"
 مكة المكرمه,جده,مزاد,2025/12/18,"17,249,730"
 مكة المكرمه,جده,مزاد,2025/12/18,"17,249,731"
 مكة المكرمه,الطائف,قسمة تركة,2025/12/18,"17,247,681"
 مكة المكرمه,الطائف,قسمة تركة,2025/12/18,"17,249,723"
 مكة المكرمه,الطائف,عقود,2025/12/18,"17,249,736"
 مكة المكرمه,الطائف,قسمة تركة,2025/12/18,"17,247,677"
 مكة المكرمه,الطائف,قسمة تركة,2025/12/18,"17,249,721"
 المدينة المنوره,المدينة المنورة,احكام و قرارات,2025/12/18,"17,249,734"
 القصيم,بريده,قسمة تركة,2025/12/18,"17,241,061"
 القصيم,بريده,قسمة تركة,2025/12/18,"17,247,680"
 الشرقية,الدمام,قسمة تركة,2025/12/18,"17,249,720"
 الشرقية,الاحساء,مزاد,2025/12/18,"17,247,673"
 عسير,ابها,قسمة تركة,2025/12/18,"17,249,717"
 حائل,حائل,قسمة تركة,2025/12/18,"17,247,676"
 حائل,حائل,قسمة تركة,2025/12/18,"17,249,719"
 حائل,حائل,احكام و قرارات,2025/12/18,"17,247,679"
 حائل,حائل,قسمة تركة,2025/12/18,"17,247,678"
 حائل,حائل,قسمة تركة,2025/12/18,"17,247,666"
 حائل,حائل,مزاد,2025/12/18,"17,249,718"
 جازان,جيزان,قسمة تركة,2025/12/18,"17,247,668"
 جازان,جيزان,قسمة تركة,2025/12/18,"17,247,667"
 الرياض,الرياض,مزاد,2025/12/21,"17,274,112"
 الرياض,الرياض,قسمة تركة,2025/12/21,"17,274,128"
 الرياض,الرياض,قسمة تركة,2025/12/21,"17,274,129"
 الرياض,الرياض,قسمة تركة,2025/12/21,"17,274,123"
 الرياض,الرياض,قسمة تركة,2025/12/21,"17,274,118"
 الرياض,الرياض,قسمة تركة,2025/12/21,"17,274,124"
 الرياض,الرياض,قسمة تركة,2025/12/21,"17,274,116"
 الرياض,الرياض,قسمة تركة,2025/12/21,"17,274,131"
 الرياض,الرياض,قسمة تركة,2025/12/21,"17,274,114"
 الرياض,الرياض,قسمة تركة,2025/12/21,"17,274,111"
 الرياض,الرياض,قسمة تركة,2025/12/21,"17,274,113"
 الرياض,الرياض,قسمة تركة,2025/12/21,"17,274,122"
 الرياض,الرياض,قسمة تركة,2025/12/21,"17,274,127"
 الرياض,الرياض,قسمة تركة,2025/12/21,"17,274,119"
 مكة المكرمه,جده,مزاد,2025/12/21,"17,274,135"
 مكة المكرمه,جده,قسمة تركة,2025/12/21,"17,274,117"
 المدينة المنوره,المدينة المنورة,احكام و قرارات,2025/12/21,"17,274,133"
 القصيم,بريده,قسمة تركة,2025/12/21,"17,274,115"
 القصيم,بريده,قسمة تركة,2025/12/21,"17,274,121"
 الشرقية,الدمام,اخلاء,2025/12/21,"17,274,126"
 حائل,حائل,أوراق تجارية,2025/12/21,"17,274,136"
 حائل,حائل,قسمة تركة,2025/12/21,"17,274,120"
 حائل,حائل,احكام و قرارات,2025/12/21,"17,274,134"
 الرياض,الرياض,مزاد,2025/12/22,"17,293,224"
 الرياض,الرياض,قسمة تركة,2025/12/22,"17,293,192"
 الرياض,الرياض,قسمة تركة,2025/12/22,"17,293,177"
 الرياض,الرياض,مزاد,2025/12/22,"17,293,616"
 الرياض,الرياض,احكام و قرارات,2025/12/22,"17,293,231"
 الرياض,الرياض,قسمة تركة,2025/12/22,"17,293,191"
 الرياض,الرياض,قسمة تركة,2025/12/22,"17,293,229"
 الرياض,الرياض,قسمة تركة,2025/12/22,"17,293,216"
 الرياض,الرياض,قسمة تركة,2025/12/22,"17,293,198"
 الرياض,الرياض,قسمة تركة,2025/12/22,"17,293,205"
 الرياض,الرياض,قسمة تركة,2025/12/22,"17,293,203"
 الرياض,الرياض,قسمة تركة,2025/12/22,"17,293,175"
 الرياض,الرياض,مزاد,2025/12/22,"17,293,185"
 الرياض,الرياض,مزاد,2025/12/22,"17,293,212"
 الرياض,الرياض,مزاد,2025/12/22,"17,293,190"
 الرياض,الرياض,قسمة تركة,2025/12/22,"17,293,210"
 الرياض,الرياض,قسمة تركة,2025/12/22,"17,293,222"
 الرياض,الرياض,قسمة تركة,2025/12/22,"17,293,194"
 مكة المكرمه,جده,قسمة تركة,2025/12/22,"17,293,209"
 مكة المكرمه,جده,مزاد,2025/12/22,"17,293,204"
 مكة المكرمه,جده,احكام و قرارات,2025/12/22,"17,293,221"
 مكة المكرمه,الطائف,قسمة تركة,2025/12/22,"17,293,179"
 مكة المكرمه,الطائف,قسمة تركة,2025/12/22,"17,293,200"
 مكة المكرمه,الطائف,مزاد,2025/12/22,"17,293,225"
 المدينة المنوره,المدينة المنورة,قسمة تركة,2025/12/22,"17,293,207"
 المدينة المنوره,المدينة المنورة,قسمة تركة,2025/12/22,"17,293,202"
 المدينة المنوره,المدينة المنورة,مزاد,2025/12/22,"17,293,187"
 القصيم,بريده,مزاد,2025/12/22,"17,293,197"
 القصيم,بريده,قسمة تركة,2025/12/22,"17,293,184"
 القصيم,بريده,قسمة تركة,2025/12/22,"17,293,215"
 القصيم,بريده,قسمة تركة,2025/12/22,"17,293,223"
 القصيم,بريده,قسمة تركة,2025/12/22,"17,293,211"
 القصيم,بريده,مزاد,2025/12/22,"17,293,181"
 الشرقية,الدمام,قسمة تركة,2025/12/22,"17,293,218"
 الشرقية,الاحساء,قسمة تركة,2025/12/22,"17,293,193"
 الشرقية,الاحساء,قسمة تركة,2025/12/22,"17,293,208"
 الشرقية,الاحساء,أوراق تجارية,2025/12/22,"17,293,196"
 الشرقية,الاحساء,قسمة تركة,2025/12/22,"17,293,195"
 عسير,ابها,قسمة تركة,2025/12/22,"17,293,217"
 عسير,ابها,قسمة تركة,2025/12/22,"17,293,180"
 عسير,ابها,قسمة تركة,2025/12/22,"17,293,182"
 عسير,ابها,قسمة تركة,2025/12/22,"17,293,199"
 عسير,ابها,قسمة تركة,2025/12/22,"17,293,206"
 عسير,ابها,قسمة تركة,2025/12/22,"17,293,226"
 عسير,ابها,قسمة تركة,2025/12/22,"17,293,174"
 عسير,ابها,قسمة تركة,2025/12/22,"17,293,213"
 عسير,ابها,قسمة تركة,2025/12/22,"17,293,178"
 حائل,حائل,قسمة تركة,2025/12/22,"17,293,188"
 حائل,حائل,قسمة تركة,2025/12/22,"17,293,176"
 حائل,حائل,قسمة تركة,2025/12/22,"17,293,186"
 حائل,حائل,قسمة تركة,2025/12/22,"17,293,214"
 حائل,حائل,قسمة تركة,2025/12/22,"17,293,183"
 جازان,جيزان,قسمة تركة,2025/12/22,"17,293,219"
 جازان,جيزان,قسمة تركة,2025/12/22,"17,293,189"
 الرياض,الرياض,عقود,2025/12/23,"17,307,432"
 الرياض,الرياض,قسمة تركة,2025/12/23,"17,307,436"
 الرياض,الرياض,مزاد,2025/12/23,"17,307,427"
 الرياض,الرياض,قسمة تركة,2025/12/23,"17,307,446"
 الرياض,الرياض,قسمة تركة,2025/12/23,"17,307,431"
 الرياض,الرياض,مزاد,2025/12/23,"17,307,422"
 الرياض,الرياض,أوراق تجارية,2025/12/23,"17,307,420"
 الرياض,الرياض,قسمة تركة,2025/12/23,"17,307,435"
 الرياض,الرياض,قسمة تركة,2025/12/23,"17,307,425"
 مكة المكرمه,مكة المكرمة,مزاد,2025/12/23,"17,308,586"
 مكة المكرمه,مكة المكرمة,قسمة تركة,2025/12/23,"17,308,574"
 المدينة المنوره,المدينة المنورة,قسمة تركة,2025/12/23,"17,307,415"
 المدينة المنوره,المدينة المنورة,قسمة تركة,2025/12/23,"17,307,441"
 المدينة المنوره,المدينة المنورة,قسمة تركة,2025/12/23,"17,307,419"
 المدينة المنوره,المدينة المنورة,قسمة تركة,2025/12/23,"17,307,448"
 المدينة المنوره,المدينة المنورة,قسمة تركة,2025/12/23,"17,307,430"
 القصيم,بريده,قسمة تركة,2025/12/23,"17,306,191"
 القصيم,بريده,احكام و قرارات,2025/12/23,"17,307,426"
 القصيم,بريده,قسمة تركة,2025/12/23,"17,307,440"
 القصيم,بريده,قسمة تركة,2025/12/23,"17,307,447"
 القصيم,بريده,قسمة تركة,2025/12/23,"17,307,418"
 القصيم,بريده,قسمة تركة,2025/12/23,"17,307,421"
 القصيم,بريده,مزاد,2025/12/23,"17,307,445"
 القصيم,بريده,قسمة تركة,2025/12/23,"17,306,204"
 القصيم,بريده,قسمة تركة,2025/12/23,"17,307,434"
 القصيم,بريده,قسمة تركة,2025/12/23,"17,307,423"
 الشرقية,الدمام,قسمة تركة,2025/12/23,"17,310,975"
 الشرقية,الدمام,قسمة تركة,2025/12/23,"17,307,439"
 الشرقية,الدمام,اخلاء,2025/12/23,"17,307,433"
 الشرقية,الدمام,أوراق تجارية إلكترونية,2025/12/23,"17,310,967"
 الشرقية,الدمام,قسمة تركة,2025/12/23,"17,307,416"
 حائل,حائل,قسمة تركة,2025/12/23,"17,307,442"
 حائل,حائل,قسمة تركة,2025/12/23,"17,307,428"
 حائل,حائل,قسمة تركة,2025/12/23,"17,307,443"
 الرياض,الرياض,قسمة تركة,2025/12/24,"17,319,591"
 الرياض,الرياض,قسمة تركة,2025/12/24,"17,319,575"
 الرياض,الرياض,احكام و قرارات,2025/12/24,"17,319,584"
 الرياض,الرياض,قسمة تركة,2025/12/24,"17,319,585"
 الرياض,الرياض,قسمة تركة,2025/12/24,"17,319,590"
 الرياض,الرياض,قسمة تركة,2025/12/24,"17,319,582"
 الرياض,الرياض,احكام و قرارات,2025/12/24,"17,319,580"
 مكة المكرمه,مكة المكرمة,اخلاء,2025/12/24,"17,319,576"
 المدينة المنوره,المدينة المنورة,مزاد,2025/12/24,"17,318,478"
 القصيم,بريده,قسمة تركة,2025/12/24,"17,319,573"
 القصيم,بريده,قسمة تركة,2025/12/24,"17,319,577"
 القصيم,بريده,قسمة تركة,2025/12/24,"17,319,587"
 القصيم,بريده,قسمة تركة,2025/12/24,"17,319,586"
 القصيم,بريده,قسمة تركة,2025/12/24,"17,319,572"
 القصيم,بريده,قسمة تركة,2025/12/24,"17,319,588"
 تبوك,تبوك,قسمة تركة,2025/12/24,"17,319,583"
 تبوك,تبوك,مزاد,2025/12/24,"17,319,581"
 حائل,حائل,قسمة تركة,2025/12/24,"17,319,579"
 الحدود الشمالية,عرعر,مزاد,2025/12/24,"17,319,589"
 الحدود الشمالية,عرعر,قسمة تركة,2025/12/24,"17,319,578"
 الرياض,الرياض,قسمة تركة,2025/12/25,"17,329,148"
 الرياض,الرياض,قسمة تركة,2025/12/25,"17,329,140"
 الرياض,الرياض,قسمة تركة,2025/12/25,"17,329,154"
 الرياض,الرياض,قسمة تركة,2025/12/25,"17,329,136"
 الرياض,الرياض,مزاد,2025/12/25,"17,329,143"
 الرياض,الرياض,قسمة تركة,2025/12/25,"17,329,139"
 الرياض,الرياض,قسمة تركة,2025/12/25,"17,329,141"
 الرياض,الرياض,قسمة تركة,2025/12/25,"17,329,150"
 الرياض,الرياض,قسمة تركة,2025/12/25,"17,329,152"
 الرياض,الرياض,قسمة تركة,2025/12/25,"17,329,138"
 الرياض,الرياض,قسمة تركة,2025/12/25,"17,329,142"
 الرياض,الرياض,قسمة تركة,2025/12/25,"17,329,153"
 الرياض,الرياض,قسمة تركة,2025/12/25,"17,329,144"
 القصيم,بريده,أوراق تجارية,2025/12/25,"17,329,133"
 القصيم,بريده,قسمة تركة,2025/12/25,"17,329,130"
 القصيم,بريده,قسمة تركة,2025/12/25,"17,329,149"
 القصيم,بريده,قسمة تركة,2025/12/25,"17,329,132"
 الشرقية,الدمام,قسمة تركة,2025/12/25,"17,329,134"
 الشرقية,الدمام,قسمة تركة,2025/12/25,"17,329,135"
 الشرقية,الدمام,قسمة تركة,2025/12/25,"17,329,145"
 عسير,ابها,عقود,2025/12/25,"17,329,147"
 عسير,ابها,قسمة تركة,2025/12/25,"17,329,131"
 عسير,ابها,مزاد,2025/12/25,"17,329,137"
 حائل,حائل,مزاد,2025/12/25,"17,329,151"
 نجران,نجران,قسمة تركة,2025/12/25,"17,329,129"
 الحدود الشمالية,عرعر,قسمة تركة,2025/12/25,"17,329,146"
 الرياض,الرياض,أوراق تجارية,2025/12/28,"17,361,694"
 الرياض,الرياض,أوراق تجارية,2025/12/28,"17,361,695"
 مكة المكرمه,جده,قسمة تركة,2025/12/28,"17,361,664"
 مكة المكرمه,جده,قسمة تركة,2025/12/28,"17,361,665"
 مكة المكرمه,جده,قسمة تركة,2025/12/28,"17,361,660"
 مكة المكرمه,جده,أوراق تجارية,2025/12/28,"17,361,696"
 الرياض,الرياض,قسمة تركة,2025/12/29,"17,377,374"
 الرياض,الرياض,قسمة تركة,2025/12/29,"17,373,922"
 الرياض,الرياض,قسمة تركة,2025/12/29,"17,373,925"
 الرياض,الرياض,قسمة تركة,2025/12/29,"17,373,920"
 الرياض,الرياض,قسمة تركة,2025/12/29,"17,377,381"
 الرياض,الرياض,قسمة تركة,2025/12/29,"17,377,367"
 الرياض,الرياض,أوراق تجارية,2025/12/29,"17,373,949"
 الرياض,الرياض,قسمة تركة,2025/12/29,"17,377,376"
 الرياض,الرياض,قسمة تركة,2025/12/29,"17,377,371"
 الرياض,الرياض,احكام و قرارات,2025/12/29,"17,377,373"
 الرياض,الرياض,قسمة تركة,2025/12/29,"17,373,931"
 الرياض,الرياض,قسمة تركة,2025/12/29,"17,373,915"
 الرياض,الرياض,قسمة تركة,2025/12/29,"17,373,914"
 الرياض,الرياض,قسمة تركة,2025/12/29,"17,373,907"
 الرياض,الرياض,قسمة تركة,2025/12/29,"17,373,896"
 مكة المكرمه,مكة المكرمة,قسمة تركة,2025/12/29,"17,377,372"
 مكة المكرمه,مكة المكرمة,قسمة تركة,2025/12/29,"17,373,950"
 مكة المكرمه,مكة المكرمة,قسمة تركة,2025/12/29,"17,377,366"
 مكة المكرمه,جده,قسمة تركة,2025/12/29,"17,373,903"
 مكة المكرمه,جده,قسمة تركة,2025/12/29,"17,373,923"
 مكة المكرمه,جده,قسمة تركة,2025/12/29,"17,373,895"
 مكة المكرمه,جده,أوراق تجارية,2025/12/29,"17,373,904"
 مكة المكرمه,جده,احكام و قرارات,2025/12/29,"17,373,926"
 مكة المكرمه,جده,احكام و قرارات,2025/12/29,"17,373,956"
 مكة المكرمه,جده,احكام و قرارات,2025/12/29,"17,373,952"
 المدينة المنوره,المدينة المنورة,قسمة تركة,2025/12/29,"17,377,368"
 المدينة المنوره,المدينة المنورة,مزاد,2025/12/29,"17,377,377"
 الشرقية,الدمام,قسمة تركة,2025/12/29,"17,377,369"
 الشرقية,الدمام,قسمة تركة,2025/12/29,"17,373,958"
 الشرقية,الدمام,قسمة تركة,2025/12/29,"17,373,934"
 الشرقية,الدمام,قسمة تركة,2025/12/29,"17,377,378"
 الشرقية,الدمام,قسمة تركة,2025/12/29,"17,373,927"
 الشرقية,الدمام,قسمة تركة,2025/12/29,"17,373,943"
 الشرقية,الدمام,قسمة تركة,2025/12/29,"17,377,382"
 الشرقية,الدمام,قسمة تركة,2025/12/29,"17,373,928"
 الشرقية,الدمام,قسمة تركة,2025/12/29,"17,373,940"
 الشرقية,الدمام,قسمة تركة,2025/12/29,"17,373,929"
 الشرقية,حفر الباطن,قسمة تركة,2025/12/29,"17,373,941"
 الشرقية,حفر الباطن,قسمة تركة,2025/12/29,"17,373,945"
 الشرقية,حفر الباطن,مزاد,2025/12/29,"17,373,909"
 الشرقية,حفر الباطن,مزاد,2025/12/29,"17,373,930"
 عسير,ابها,قسمة تركة,2025/12/29,"17,377,375"
 جازان,جيزان,قسمة تركة,2025/12/29,"17,377,379"
 جازان,جيزان,قسمة تركة,2025/12/29,"17,373,921"
 جازان,جيزان,قسمة تركة,2025/12/29,"17,373,900"
 الباحة,الباحه,قسمة تركة,2025/12/29,"17,373,932"
 الباحة,الباحه,قسمة تركة,2025/12/29,"17,377,370"
 الباحة,الباحه,قسمة تركة,2025/12/29,"17,373,901"
 مكة المكرمه,مكة المكرمة,مزاد,2025/12/30,"17,384,647"
 مكة المكرمه,جده,قسمة تركة,2025/12/30,"17,384,199"
,,,,
