المنطقة,المدينة,السنة,ربع السنة,عدد الملاك النساء,نسبة تملك النساء
منطقة الباحة,الباحه,2026,الربع الأول,6,15.00%
منطقة الباحة,الحجره,2026,الربع الأول,1,33.33%
منطقة الباحة,العقيق,2026,الربع الأول,3,7.69%
منطقة الباحة,المخواة,2026,الربع الأول,6,13.04%
منطقة الباحة,بلجرشي,2026,الربع الأول,6,18.18%
منطقة الباحة,قلوه,2026,الربع الأول,2,28.57%
منطقة الجوف,القريات,2026,الربع الأول,39,23.93%
منطقة الجوف,دومة الجندل,2026,الربع الأول,20,16.53%
منطقة الجوف,سكاكا,2026,الربع الأول,61,26.87%
منطقة الجوف,طبرجل,2026,الربع الأول,12,11.43%
منطقة الحدود الشمالية,العويقيله,2026,الربع الأول,6,21.43%
منطقة الحدود الشمالية,رفحاء,2026,الربع الأول,18,23.38%
منطقة الحدود الشمالية,طريف,2026,الربع الأول,6,22.22%
منطقة الحدود الشمالية,عرعر,2026,الربع الأول,86,24.64%
منطقة الرياض,الارطاوي,2026,الربع الأول,5,18.52%
منطقة الرياض,الارطاويه,2026,الربع الأول,6,23.08%
منطقة الرياض,الافلاج,2026,الربع الأول,12,18.46%
منطقة الرياض,الحريق,2026,الربع الأول,3,12.50%
منطقة الرياض,الخرج,2026,الربع الأول,108,15.54%
منطقة الرياض,الدرعيه,2026,الربع الأول,20,34.48%
منطقة الرياض,الدلم,2026,الربع الأول,10,16.39%
منطقة الرياض,الدوادمي,2026,الربع الأول,30,20.83%
منطقة الرياض,الرياض,2026,الربع الأول,634,25.09%
منطقة الرياض,الرين,2026,الربع الأول,2,22.22%
منطقة الرياض,الزلفي,2026,الربع الأول,36,17.82%
منطقة الرياض,السليل,2026,الربع الأول,7,21.88%
منطقة الرياض,الغاط,2026,الربع الأول,10,32.26%
منطقة الرياض,القصب,2026,الربع الأول,2,18.18%
منطقة الرياض,القويعيه,2026,الربع الأول,5,9.43%
منطقة الرياض,المجمعه,2026,الربع الأول,30,17.05%
منطقة الرياض,المزاحميه,2026,الربع الأول,33,20.00%
منطقة الرياض,ثادق,2026,الربع الأول,11,20.75%
منطقة الرياض,جلاجل,2026,الربع الأول,1,12.50%
منطقة الرياض,حريملاء,2026,الربع الأول,8,18.60%
منطقة الرياض,حوطة بني تميم,2026,الربع الأول,20,29.41%
منطقة الرياض,رماح,2026,الربع الأول,17,22.08%
منطقة الرياض,شقراء,2026,الربع الأول,30,24.79%
منطقة الرياض,ضرماء,2026,الربع الأول,19,18.10%
منطقة الرياض,عفيف,2026,الربع الأول,28,17.72%
منطقة الرياض,مرات,2026,الربع الأول,12,25.00%
منطقة الرياض,وادي الدواسر,2026,الربع الأول,22,36.07%
منطقة الشرقية,ابقيق,2026,الربع الأول,33,25.78%
منطقة الشرقية,الاحساء,2026,الربع الأول,29,27.10%
منطقة الشرقية,الجبيل,2026,الربع الأول,44,15.71%
منطقة الشرقية,الجفر,2026,الربع الأول,56,24.14%
منطقة الشرقية,الخبر,2026,الربع الأول,208,26.50%
منطقة الشرقية,الخفجي,2026,الربع الأول,54,21.18%
منطقة الشرقية,الدمام,2026,الربع الأول,209,20.29%
منطقة الشرقية,الظهران,2026,الربع الأول,22,22.45%
منطقة الشرقية,العيون,2026,الربع الأول,19,43.18%
منطقة الشرقية,القطيف,2026,الربع الأول,36,22.09%
منطقة الشرقية,النعيريه,2026,الربع الأول,23,18.11%
منطقة الشرقية,الهفوف,2026,الربع الأول,153,23.47%
منطقة الشرقية,حفر الباطن,2026,الربع الأول,143,19.59%
منطقة الشرقية,رأس تنوره,2026,الربع الأول,3,20.00%
منطقة الشرقية,قرية العليا,2026,الربع الأول,16,21.05%
منطقة القصيم,الاسياح,2026,الربع الأول,6,14.29%
منطقة القصيم,البدائع,2026,الربع الأول,40,12.78%
منطقة القصيم,البكيريه,2026,الربع الأول,28,20.74%
منطقة القصيم,الخبراء,2026,الربع الأول,6,25.00%
منطقة القصيم,الرس,2026,الربع الأول,25,25.00%
منطقة القصيم,الشماسيه,2026,الربع الأول,14,32.56%
منطقة القصيم,المذنب,2026,الربع الأول,47,19.18%
منطقة القصيم,النبهانيه,2026,الربع الأول,4,13.79%
منطقة القصيم,بريده,2026,الربع الأول,230,23.88%
منطقة القصيم,رياض الخبراء,2026,الربع الأول,35,27.13%
منطقة القصيم,ضريه,2026,الربع الأول,3,15.00%
منطقة القصيم,عقلة الصقور,2026,الربع الأول,6,15.79%
منطقة القصيم,عنيزه,2026,الربع الأول,34,24.46%
منطقة القصيم,عيون الجوى,2026,الربع الأول,13,24.07%
منطقة القصيم,قبه,2026,الربع الأول,1,14.29%
منطقة المدينة المنوره,الحناكية,2026,الربع الأول,21,27.63%
منطقة المدينة المنوره,العلا,2026,الربع الأول,22,21.78%
منطقة المدينة المنوره,المدينة المنورة,2026,الربع الأول,484,29.89%
منطقة المدينة المنوره,المهد,2026,الربع الأول,5,6.10%
منطقة المدينة المنوره,وادي الفرع,2026,الربع الأول,20,29.85%
منطقة المدينة المنوره,ينبع,2026,الربع الأول,9,34.62%
منطقة تبوك,تبوك,2026,الربع الأول,133,21.84%
منطقة تبوك,تيماء,2026,الربع الأول,25,31.65%
منطقة تبوك,حقل,2026,الربع الأول,1,11.11%
منطقة تبوك,ضباء,2026,الربع الأول,6,30.00%
منطقة جازان,ابو عريش,2026,الربع الأول,20,15.87%
منطقة جازان,احد المسارحه,2026,الربع الأول,6,18.75%
منطقة جازان,الشقيق,2026,الربع الأول,2,25.00%
منطقة جازان,الطوال,2026,الربع الأول,1,100.00%
منطقة جازان,بيش,2026,الربع الأول,22,12.43%
منطقة جازان,جيزان,2026,الربع الأول,73,23.86%
منطقة جازان,صامطه,2026,الربع الأول,3,11.54%
منطقة جازان,صبياء,2026,الربع الأول,17,14.17%
منطقة جازان,ضمد,2026,الربع الأول,6,15.38%
منطقة جازان,فرسان,2026,الربع الأول,3,50.00%
منطقة حائل,الحائط,2026,الربع الأول,2,11.76%
منطقة حائل,الروضة,2026,الربع الأول,10,8.85%
منطقة حائل,السليمي,2026,الربع الأول,7,15.22%
منطقة حائل,الشملى,2026,الربع الأول,2,2.94%
منطقة حائل,الشنان,2026,الربع الأول,9,6.04%
منطقة حائل,الغزاله,2026,الربع الأول,25,18.94%
منطقة حائل,الكهفه,2026,الربع الأول,3,13.04%
منطقة حائل,بقعاء,2026,الربع الأول,47,20.52%
منطقة حائل,حائل,2026,الربع الأول,274,26.97%
منطقة حائل,موقق,2026,الربع الأول,4,16.00%
منطقة عسير,ابها,2026,الربع الأول,92,28.75%
منطقة عسير,احد رفيده,2026,الربع الأول,7,13.73%
منطقة عسير,البرك,2026,الربع الأول,10,8.20%
منطقة عسير,المجارده,2026,الربع الأول,2,18.18%
منطقة عسير,النماص,2026,الربع الأول,2,12.50%
منطقة عسير,بارق,2026,الربع الأول,3,10.71%
منطقة عسير,باللسمر,2026,الربع الأول,1,10.00%
منطقة عسير,بلقرن,2026,الربع الأول,2,11.11%
منطقة عسير,بيشه,2026,الربع الأول,46,26.44%
منطقة عسير,تثليت,2026,الربع الأول,11,12.09%
منطقة عسير,خميس مشيط,2026,الربع الأول,93,22.74%
منطقة عسير,رجال المع,2026,الربع الأول,11,22.92%
منطقة عسير,سراة عبيده,2026,الربع الأول,5,29.41%
منطقة عسير,طريب,2026,الربع الأول,7,14.29%
منطقة عسير,ظهران الجنوب,2026,الربع الأول,2,14.29%
منطقة عسير,محايل عسير,2026,الربع الأول,13,11.30%
منطقة مكة المكرمه,الجموم,2026,الربع الأول,14,26.92%
منطقة مكة المكرمه,الخرمه,2026,الربع الأول,11,18.03%
منطقة مكة المكرمه,الطائف,2026,الربع الأول,140,19.89%
منطقة مكة المكرمه,العرضيه الشماليه,2026,الربع الأول,1,20.00%
منطقة مكة المكرمه,القنفذه,2026,الربع الأول,25,22.12%
منطقة مكة المكرمه,الكامل,2026,الربع الأول,4,57.14%
منطقة مكة المكرمه,الليث,2026,الربع الأول,6,18.18%
منطقة مكة المكرمه,بحره,2026,الربع الأول,6,18.18%
منطقة مكة المكرمه,تربه,2026,الربع الأول,13,7.03%
منطقة مكة المكرمه,جده,2026,الربع الأول,"1,516",30.64%
منطقة مكة المكرمه,خليص,2026,الربع الأول,17,25.00%
منطقة مكة المكرمه,رابغ,2026,الربع الأول,28,19.18%
منطقة مكة المكرمه,رنيه,2026,الربع الأول,8,17.78%
منطقة مكة المكرمه,مكة المكرمة,2026,الربع الأول,413,27.28%
منطقة نجران,شروره,2026,الربع الأول,13,20.97%
منطقة نجران,نجران,2026,الربع الأول,50,13.12%
منطقة نجران,يدمه,2026,الربع الأول,1,7.69%
