السنة ,الربع,المنطقة ,المدينة,الحي ,نوع العقار ,تصنيف العقار ,عدد الصفقات,متوسط الايجار  ر.س,متوسط الايجار لكل متر مربع ر.س
2026,1,الجوف,سكاكا,الرواد,شقة,سكني,13,8836.36,62.12
2026,1,الجوف,القريات,الزيتون,محل,تجاري,8,0,0
2026,1,الجوف,سكاكا,الفاروق,استديو,سكني,2,12000,375
2026,1,الجوف,سكاكا,النزهة,دور,سكني,1,30000,150
2026,1,الجوف,سكاكا,الشلهوب,محل,تجاري,75,0,0
2026,1,الجوف,سكاكا,بدر,شقة,سكني,36,14713.33,115.38
2026,1,الجوف,سكاكا,الربوة,استديو,سكني,2,6000,200
2026,1,الجوف,القريات,الخزامى,فيلا,سكني,4,25500,82.38
2026,1,الجوف,القريات,الياسمين,محل,تجاري,7,0,0
2026,1,الجوف,دومة الجندل,الملك فهد,استديو,سكني,3,9300,128.57
2026,1,الجوف,سكاكا,الواحة,محل,تجاري,1,0,0
2026,1,الجوف,سكاكا,الفرسان,دور,سكني,1,9600,80
2026,1,الجوف,سكاكا,الناصرية,فيلا,سكني,1,24000,96
2026,1,الجوف,سكاكا,الشلهوب,شقة,سكني,145,11741.57,101.84
2026,1,الجوف,سكاكا,السليمانية,دور,سكني,3,27400,140.54
2026,1,الجوف,القريات,النزهة,شقة,سكني,13,15600,103.56
2026,1,الجوف,سكاكا,السلام,استديو,سكني,3,9000,230
2026,1,الجوف,دومة الجندل,البوادي,محل,تجاري,3,0,0
2026,1,الجوف,سكاكا,المروج,استديو,سكني,1,4800,96
2026,1,الجوف,طبرجل,الخزامى,محل,تجاري,1,0,0
2026,1,الجوف,سكاكا,النزهة,شقة,سكني,16,13250,108.81
2026,1,الجوف,القريات,غطي,محل,تجاري,1,0,0
2026,1,الجوف,طبرجل,المروة,محل,تجاري,5,0,0
2026,1,الجوف,سكاكا,الشعلة,شقة,سكني,4,12300,88
2026,1,الجوف,سكاكا,الصناعية,محل,تجاري,29,0,0
2026,1,الجوف,دومة الجندل,غرب دومة الجندل,شقة,سكني,81,14070.58,106.17
2026,1,الجوف,القريات,الدعبوسية,شقة,سكني,17,14400,101.78
2026,1,الجوف,دومة الجندل,الوادي والبحيرات,محل,تجاري,1,0,0
2026,1,الجوف,سكاكا,الربوة,محل,تجاري,2,0,0
2026,1,الجوف,سكاكا,المطر,معرض تجاري,تجاري,3,0,0
2026,1,الجوف,سكاكا,بدر,محل,تجاري,5,0,0
2026,1,الجوف,سكاكا,التلال,شقة,سكني,52,13172.25,111.23
2026,1,الجوف,صوير,النزهة,شقة,سكني,3,12800,89.5
2026,1,الجوف,القريات,الزمرد,شقة,سكني,16,11018.18,104.25
2026,1,الجوف,طبرجل,المنتزة,شقة,سكني,39,15291.17,106.08
2026,1,الجوف,سكاكا,النهضة,فيلا,سكني,1,130000,866.66
2026,1,الجوف,العيساوية,الفيصلية,دور,سكني,1,8400,26.92
2026,1,الجوف,دومة الجندل,الوادي والبحيرات,شقة,سكني,5,12360,114.97
2026,1,الجوف,سكاكا,الياسمين,فيلا,سكني,2,24000,35.82
2026,1,الجوف,دومة الجندل,النزهة,شقة,سكني,22,13390,109.87
2026,1,الجوف,سكاكا,الكوثر,شقة,سكني,1,8400,84
2026,1,الجوف,طبرجل,الورود,شقة,سكني,116,13461.61,101.47
2026,1,الجوف,سكاكا,الضاحية,استديو,سكني,1,7200,144
2026,1,الجوف,القريات,الشفاء,استديو,سكني,13,8325,164.88
2026,1,الجوف,سكاكا,الزيتون,محل,تجاري,6,0,0
2026,1,الجوف,القريات,الأمير عبدالاله بن عبدالعزيز,دور,سكني,5,18720,90.76
2026,1,الجوف,سكاكا,الناصرية,شقة,سكني,446,12932,107.37
2026,1,الجوف,القريات,الرفاع,شقة,سكني,33,14751.72,108.19
2026,1,الجوف,القريات,المروج,معرض تجاري,تجاري,1,0,0
2026,1,الجوف,سكاكا,الشعلة,دور,سكني,1,22000,86.69
2026,1,الجوف,دومة الجندل,خذماء,شقة,سكني,41,12625.38,92.7
2026,1,الجوف,هديب,هديب,شقة,سكني,18,11985.71,82.11
2026,1,الجوف,سكاكا,الصالحية,استديو,سكني,7,6120,129.61
2026,1,الجوف,سكاكا,الضلع,دور,سكني,1,24000,96
2026,1,الجوف,القريات,الشفاء,شقة,سكني,260,13058.6,97.37
2026,1,الجوف,سكاكا,الزهراء,شقة,سكني,74,14215.38,112.22
2026,1,الجوف,سكاكا,العزيزية,محل,تجاري,32,0,0
2026,1,الجوف,دومة الجندل,الملك عبدالعزيز,شقة,سكني,1,15000,122.95
2026,1,الجوف,سكاكا,البديعة,محل,تجاري,12,0,0
2026,1,الجوف,دومة الجندل,الغدير,محل,تجاري,1,0,0
2026,1,الجوف,العيساوية,العزيزية,محل,تجاري,1,0,0
2026,1,الجوف,سكاكا,الفرسان,شقة,سكني,38,13400,109.54
2026,1,الجوف,العيساوية,الربوة,محل,تجاري,1,0,0
2026,1,الجوف,القريات,الفرسان,محل,تجاري,27,0,0
2026,1,الجوف,القريات,النخيل,شقة,سكني,12,13400,85.77
2026,1,الجوف,دومة الجندل,الجوهرة,شقة,سكني,1,7800,78
2026,1,الجوف,سكاكا,السلام,محل,تجاري,22,0,0
2026,1,الجوف,طبرجل,الشفاء,شقة,سكني,17,17750,88.23
2026,1,الجوف,سكاكا,السوق,مكتب,تجاري,1,0,0
2026,1,الجوف,دومة الجندل,البوادي,شقة,سكني,10,12960,80.37
2026,1,الجوف,سكاكا,الطوير,شقة,سكني,94,14557.02,103.14
2026,1,الجوف,سكاكا,الضاحية,محل,تجاري,2,0,0
2026,1,الجوف,عذفاء,عذفاء,شقة,سكني,4,16000,140
2026,1,الجوف,القريات,العزيزية,مكتب,تجاري,5,0,0
2026,1,الجوف,القريات,الورود,دور,سكني,6,18240,83.45
2026,1,الجوف,سكاكا,الربوة,شقة,سكني,84,14759.25,94.29
2026,1,الجوف,سكاكا,الريان,محل,تجاري,4,0,0
2026,1,الجوف,صوير,الشفاء,دور,سكني,2,18000,72
2026,1,الجوف,سكاكا,الربوة,فيلا,سكني,1,24000,150
2026,1,الجوف,سكاكا,الفرسان,استديو,سكني,1,8400,168
2026,1,الجوف,طبرجل,العزيزية,استديو,سكني,1,8400,233.33
2026,1,الجوف,سكاكا,النهضة,محل,تجاري,3,0,0
2026,1,الجوف,دومة الجندل,الملك فهد,محل,تجاري,13,0,0
2026,1,الجوف,دومة الجندل,العزيزية,شقة,سكني,104,10300.23,86.47
2026,1,الجوف,سكاكا,الرواد,محل,تجاري,18,0,0
2026,1,الجوف,دومة الجندل,الخالدية,دور,سكني,6,16050,88.27
2026,1,الجوف,قليب خضر,قليب خضر,شقة,سكني,12,14772.72,100.29
2026,1,الجوف,سكاكا,الهدا,شقة,سكني,7,11800,90.44
2026,1,الجوف,سكاكا,الصناعية,معرض تجاري,تجاري,5,0,0
2026,1,الجوف,القريات,الرفاع,استديو,سكني,1,6000,40
2026,1,الجوف,صوير,التلال,شقة,سكني,1,15600,78
2026,1,الجوف,سكاكا,الرحمانية,محل,تجاري,59,0,0
2026,1,الجوف,سكاكا,الزهور,محل,تجاري,10,0,0
2026,1,الجوف,القريات,العزيزية,استديو,سكني,6,10400,170
2026,1,الجوف,طبرجل,الخالدية,استديو,سكني,5,11200,302
2026,1,الجوف,سكاكا,الروضة,فيلا,سكني,2,12500,18.67
2026,1,الجوف,سكاكا,الضاحية,دور,سكني,1,18000,60
2026,1,الجوف,سكاكا,النفل,محل,تجاري,33,0,0
2026,1,الجوف,سكاكا,الشلهوب,دور,سكني,3,19500,114
2026,1,الجوف,دومة الجندل,السلام,دور,سكني,1,30000,150
2026,1,الجوف,القريات,الزمرد,استديو,سكني,1,6000,66.66
2026,1,الجوف,ابو عجرم,ابو عجرم,شقة,سكني,21,15221.05,96.07
2026,1,الجوف,النبك ابوقصر,النبك ابوقصر,محل,تجاري,8,0,0
2026,1,الجوف,سكاكا,الزهراء,محل,تجاري,6,0,0
2026,1,الجوف,سكاكا,الفيصلية,محل,تجاري,11,0,0
2026,1,الجوف,دومة الجندل,الملك فهد,دور,سكني,5,11880,80.89
2026,1,الجوف,سكاكا,الفيصلية,دور,سكني,4,17550,86.63
2026,1,الجوف,سكاكا,المروج,محل,تجاري,28,0,0
2026,1,الجوف,سكاكا,الناصرية,معرض تجاري,تجاري,1,0,0
2026,1,الجوف,القريات,الياسمين,شقة,سكني,47,13469.34,100.39
2026,1,الجوف,القريات,الدعبوسية,محل,تجاري,1,0,0
2026,1,الجوف,القريات,الخزامى,دور,سكني,84,16099.16,69.44
2026,1,الجوف,طبرجل,الربوة,شقة,سكني,21,15920,92.71
2026,1,الجوف,سكاكا,بدر,استديو,سكني,1,6000,66.66
2026,1,الجوف,سكاكا,التلال,استديو,سكني,2,18000,180
2026,1,الجوف,زلوم,زلوم,محل,تجاري,4,0,0
2026,1,الجوف,سكاكا,الروضة,محل,تجاري,7,0,0
2026,1,الجوف,سكاكا,المعاقلة,مكتب,تجاري,1,0,0
2026,1,الجوف,اللويزه,اللويزه,دور,سكني,1,30000,300
2026,1,الجوف,سكاكا,الزهور,معرض تجاري,تجاري,1,0,0
2026,1,الجوف,القريات,الصناعية,دور,سكني,1,9600,80
2026,1,الجوف,سكاكا,الطوير,محل,تجاري,8,0,0
2026,1,الجوف,سكاكا,السوق,دور,سكني,1,18000,72
2026,1,الجوف,سكاكا,الناصرية,محل,تجاري,70,0,0
2026,1,الجوف,دومة الجندل,غرب دومة الجندل,استديو,سكني,1,12000,400
2026,1,الجوف,القريات,الورود,فيلا,سكني,1,26400,132
2026,1,الجوف,القريات,النرجس,شقة,سكني,1,18000,60
2026,1,الجوف,سكاكا,الزيتون,شقة,سكني,8,12975,93.87
2026,1,الجوف,صوير,الشفاء,محل,تجاري,10,0,0
2026,1,الجوف,القريات,الخزامى,محل,تجاري,32,0,0
2026,1,الجوف,القريات,النزهة,فيلا,سكني,1,16800,131.04
2026,1,الجوف,سكاكا,الشفاء,شقة,سكني,217,12803.15,108.36
2026,1,الجوف,سكاكا,الريان,استديو,سكني,2,11400,167.14
2026,1,الجوف,سكاكا,المروج,دور,سكني,3,25200,88.08
2026,1,الجوف,دومة الجندل,النزهة,معرض تجاري,تجاري,2,0,0
2026,1,الجوف,الزقاقيه,الزقاقيه,شقة,سكني,1,18000,90
2026,1,الجوف,سكاكا,بدر,معرض تجاري,تجاري,3,0,0
2026,1,الجوف,سكاكا,الريان,شقة,سكني,78,15558.61,109.85
2026,1,الجوف,سكاكا,الرحمانية,دور,سكني,12,16285.71,53.84
2026,1,الجوف,سكاكا,الواحة,شقة,سكني,32,13728,103.55
2026,1,الجوف,سكاكا,الصناعية,مكتب,تجاري,31,0,0
2026,1,الجوف,العيساوية,الفيصلية,شقة,سكني,29,15450,80.98
2026,1,الجوف,الفياض,الفياض,شقة,سكني,9,14100,83.5
2026,1,الجوف,طبرجل,النظيم,شقة,سكني,1,12000,100
2026,1,الجوف,القريات,الملك فهد,فيلا,سكني,2,24000,78
2026,1,الجوف,القريات,الصناعية,محل,تجاري,21,0,0
2026,1,الجوف,طبرجل,الربيع,فيلا,سكني,1,24000,48
2026,1,الجوف,طبرجل,الحزم,محل,تجاري,1,0,0
2026,1,الجوف,باير,باير,شقة,سكني,1,18000,60
2026,1,الجوف,مزارع الفياض,مزارع الفياض,شقة,سكني,1,15600,65
2026,1,الجوف,طبرجل,الصفاء,محل,تجاري,2,0,0
2026,1,الجوف,سكاكا,الشعيب,شقة,سكني,42,12685.71,108.59
2026,1,الجوف,القريات,الخزامى,شقة,سكني,132,13341.17,96.54
2026,1,الجوف,سكاكا,الرحمانية,شقة,سكني,283,12404.99,108.08
2026,1,الجوف,سكاكا,الزهور,مكتب,تجاري,1,0,0
2026,1,الجوف,دومة الجندل,الملك فهد,شقة,سكني,123,11171.84,84.87
2026,1,الجوف,العيساوية,العزيزية,استديو,سكني,1,6000,60
2026,1,الجوف,سكاكا,السليمانية,شقة,سكني,137,15545.21,109.7
2026,1,الجوف,القريات,الأمير عبدالاله بن عبدالعزيز,استديو,سكني,10,9700,181.85
2026,1,الجوف,طبرجل,المروة,شقة,سكني,26,14885.71,119.14
2026,1,الجوف,الرفيعة,الرفيعة,شقة,سكني,9,15088.88,98.9
2026,1,الجوف,دومة الجندل,الغدير,دور,سكني,2,15600,110
2026,1,الجوف,القريات,الملك فهد,شقة,سكني,106,13336.55,99.47
2026,1,الجوف,سكاكا,الناصرية,دور,سكني,11,17140,85.48
2026,1,الجوف,الحديثة القديمة,الحديثة القديمة,شقة,سكني,3,14533.33,107.02
2026,1,الجوف,القريات,حصيدة,شقة,سكني,213,13179.07,99.34
2026,1,الجوف,القريات,المروج,محل,تجاري,37,0,0
2026,1,الجوف,سكاكا,الورود,استديو,سكني,1,12000,400
2026,1,الجوف,هديب,هديب,استديو,سكني,1,6000,60
2026,1,الجوف,سكاكا,الزهور,استديو,سكني,9,7900,186.5
2026,1,الجوف,القريات,الرفاع,محل,تجاري,3,0,0
2026,1,الجوف,القريات,العقيلة الشمالية,شقة,سكني,8,15750,111.91
2026,1,الجوف,مزارع ابو دويد,مزارع ابو دويد,محل,تجاري,1,0,0
2026,1,الجوف,سكاكا,الرواد,دور,سكني,1,26400,75.42
2026,1,الجوف,سكاكا,الشفاء,فيلا,سكني,3,40000,80
2026,1,الجوف,دومة الجندل,خذماء,استديو,سكني,1,10800,180
2026,1,الجوف,دومة الجندل,العزيزية,مكتب,تجاري,1,0,0
2026,1,الجوف,خوعاء,خوعاء,شقة,سكني,7,16800,126.23
2026,1,الجوف,سكاكا,الزهراء,دور,سكني,5,31440,168.1
2026,1,الجوف,صوير,الفيصلية,محل,تجاري,6,0,0
2026,1,الجوف,القريات,العقيلة الجنوبية,محل,تجاري,7,0,0
2026,1,الجوف,طبرجل,العزيزية,محل,تجاري,47,0,0
2026,1,الجوف,دومة الجندل,الغدير,فيلا,سكني,3,34400,119.24
2026,1,الجوف,سكاكا,الروضة,دور,سكني,9,20857.14,80.64
2026,1,الجوف,القريات,الورود,شقة,سكني,41,13456.52,99.36
2026,1,الجوف,طبرجل,الربوة,محل,تجاري,1,0,0
2026,1,الجوف,دومة الجندل,التحكيم,شقة,سكني,21,9500,79.4
2026,1,الجوف,سكاكا,العروبة,دور,سكني,1,12000,48
2026,1,الجوف,سكاكا,الزهراء,استديو,سكني,2,13800,104
2026,1,الجوف,سكاكا,الهدا,فيلا,سكني,1,45000,180
2026,1,الجوف,دومة الجندل,السلام,شقة,سكني,8,16400,102.77
2026,1,الجوف,طبرجل,الربيع,شقة,سكني,37,12413.79,106.28
2026,1,الجوف,سكاكا,المطر,محل,تجاري,15,0,0
2026,1,الجوف,القريات,المنار,شقة,سكني,1,15600,104
2026,1,الجوف,القريات,الملك فهد,دور,سكني,6,15700,83.06
2026,1,الجوف,القريات,المروج,دور,سكني,10,18000,76.9
2026,1,الجوف,سكاكا,النزهة,محل,تجاري,79,0,0
2026,1,الجوف,سكاكا,الغروب,شقة,سكني,1,17400,116
2026,1,الجوف,القريات,الربيع,شقة,سكني,5,13200,113
2026,1,الجوف,سكاكا,النهضة,شقة,سكني,23,11475,105.05
2026,1,الجوف,ام فرس,ام فرس,محل,تجاري,11,0,0
2026,1,الجوف,سكاكا,البديعة,شقة,سكني,19,14115.38,114.35
2026,1,الجوف,سكاكا,المطر,شقة,سكني,38,12371.87,93.21
2026,1,الجوف,سكاكا,السوق,شقة,سكني,28,13604.54,110.08
2026,1,الجوف,سكاكا,الشعيب,مكتب,تجاري,2,0,0
2026,1,الجوف,سكاكا,الشفاء,استديو,سكني,10,9300,230.19
2026,1,الجوف,القريات,الشفاء,دور,سكني,16,16200,84.82
2026,1,الجوف,سكاكا,النزهة,استديو,سكني,3,8200,164
2026,1,الجوف,سكاكا,النور,شقة,سكني,12,12533.33,110.08
2026,1,الجوف,طبرجل,الزيتون,شقة,سكني,26,15391.3,101.42
2026,1,الجوف,القريات,الصناعية,شقة,سكني,38,14992.3,104.25
2026,1,الجوف,سكاكا,المعاقلة,شقة,سكني,69,12735,97.67
2026,1,الجوف,طلعة عمار,طلعة عمار,محل,تجاري,3,0,0
2026,1,الجوف,سكاكا,الزهور,شقة,سكني,154,12365.72,103.71
2026,1,الجوف,اللويزه,اللويزه,شقة,سكني,19,11657.14,98.86
2026,1,الجوف,سكاكا,السليمانية,محل,تجاري,25,0,0
2026,1,الجوف,سكاكا,الورود,شقة,سكني,21,11623.52,80.16
2026,1,الجوف,دومة الجندل,الصفاة,شقة,سكني,84,10964.86,86.47
2026,1,الجوف,القريات,الفرسان,شقة,سكني,2,27000,394.79
2026,1,الجوف,سكاكا,الفاروق,محل,تجاري,23,0,0
2026,1,الجوف,سكاكا,الصالحية,دور,سكني,9,12400,113
2026,1,الجوف,القريات,العزيزية,شقة,سكني,498,12787.28,98.25
2026,1,الجوف,سكاكا,السليمانية,استديو,سكني,12,11550,204.72
2026,1,الجوف,دومة الجندل,العزيزية,محل,تجاري,56,0,0
2026,1,الجوف,القريات,المروج,استديو,سكني,7,11280,172.38
2026,1,الجوف,طلعة عمار,طلعة عمار,دور,سكني,1,8400,70
2026,1,الجوف,سكاكا,الروضة,معرض تجاري,تجاري,2,0,0
2026,1,الجوف,القريات,حصيدة,استديو,سكني,2,4500,94.66
2026,1,الجوف,دومة الجندل,الخالدية,شقة,سكني,13,10854.54,75.15
2026,1,الجوف,سكاكا,أحد,شقة,سكني,3,14800,84
2026,1,الجوف,اللويزه,اللويزه,فيلا,سكني,1,26400,76.52
2026,1,الجوف,القريات,الريحان,شقة,سكني,12,17250,100.24
2026,1,الجوف,دومة الجندل,الشفاء,شقة,سكني,16,12550,85.05
2026,1,الجوف,القريات,العزيزية,معرض تجاري,تجاري,4,0,0
2026,1,الجوف,القريات,غطي,شقة,سكني,29,14357.14,112.94
2026,1,الجوف,سكاكا,النخيل,محل,تجاري,34,0,0
2026,1,الجوف,طبرجل,الزهور,شقة,سكني,5,18000,60
2026,1,الجوف,سكاكا,الرحمانية,معرض تجاري,تجاري,8,0,0
2026,1,الجوف,دومة الجندل,الصفاة,دور,سكني,3,10600,55.33
2026,1,الجوف,طبرجل,الروابي,فيلا,سكني,3,19600,85.7
2026,1,الجوف,القريات,النفل,شقة,سكني,2,18500,76.66
2026,1,الجوف,سكاكا,الجوهرة,دور,سكني,3,16000,60.08
2026,1,الجوف,سكاكا,العزيزية,استديو,سكني,11,7575,203.35
2026,1,الجوف,سكاكا,السلام,دور,سكني,5,17850,92.7
2026,1,الجوف,طبرجل,النسيم,محل,تجاري,2,0,0
2026,1,الجوف,سكاكا,الصفاء,دور,سكني,2,17700,88.5
2026,1,الجوف,طبرجل,الخالدية,شقة,سكني,183,13778.65,99.66
2026,1,الجوف,طبرجل,الورود,فيلا,سكني,1,24000,85.71
2026,1,الجوف,طبرجل,الزيتون,محل,تجاري,6,0,0
2026,1,الجوف,دومة الجندل,أصفان,شقة,سكني,2,11900,101.3
2026,1,الجوف,سكاكا,الصالحية,شقة,سكني,104,12208.88,93.46
2026,1,الجوف,طبرجل,الورود,محل,تجاري,40,0,0
2026,1,الجوف,القريات,حصيدة,معرض تجاري,تجاري,1,0,0
2026,1,الجوف,القريات,الياسمين,استديو,سكني,2,6000,140
2026,1,الجوف,سكاكا,التلال,محل,تجاري,4,0,0
2026,1,الجوف,العيساوية,العزيزية,شقة,سكني,18,15920,93.69
2026,1,الجوف,القريات,الواحة,شقة,سكني,154,11806.38,94.59
2026,1,الجوف,دومة الجندل,السلام,محل,تجاري,3,0,0
2026,1,الجوف,سكاكا,الروابي,دور,سكني,1,36000,102.85
2026,1,الجوف,العيساوية,السليمانية,استديو,سكني,1,12000,100
2026,1,الجوف,سكاكا,الصالحية,محل,تجاري,8,0,0
2026,1,الجوف,سكاكا,الصفاء,محل,تجاري,25,0,0
2026,1,الجوف,طلعة عمار,طلعة عمار,شقة,سكني,4,18000,91.9
2026,1,الجوف,صوير,العزيزية,محل,تجاري,4,0,0
2026,1,الجوف,طبرجل,الصفاء,شقة,سكني,31,14613.79,102.25
2026,1,الجوف,سكاكا,سلطانة,دور,سكني,5,18000,96.6
2026,1,الجوف,الحديثة القديمة,الحديثة القديمة,محل,تجاري,19,0,0
2026,1,الجوف,زلوم,زلوم,شقة,سكني,33,10286.2,84.42
2026,1,الجوف,سكاكا,الطوير,دور,سكني,6,23040,118.27
2026,1,الجوف,القريات,العزيزية,دور,سكني,8,15895.75,84.42
2026,1,الجوف,دومة الجندل,النزهة,محل,تجاري,2,0,0
2026,1,الجوف,سكاكا,الربوة,دور,سكني,3,18000,113.33
2026,1,الجوف,سكاكا,الشفاء,دور,سكني,4,41000,220.54
2026,1,الجوف,دومة الجندل,العزيزية,دور,سكني,5,16000,58.89
2026,1,الجوف,سكاكا,الشروق,دور,سكني,1,12000,40
2026,1,الجوف,سكاكا,الزيتون,دور,سكني,2,18000,90
2026,1,الجوف,دومة الجندل,العزيزية,فيلا,سكني,1,18000,90
2026,1,الجوف,سكاكا,المعاقلة,دور,سكني,1,18000,51.42
2026,1,الجوف,طبرجل,حدرج,شقة,سكني,23,16527.27,110.23
2026,1,الجوف,سكاكا,الناصرية,استديو,سكني,45,8635.71,201.19
2026,1,الجوف,الناصفه,الناصفه,محل,تجاري,9,0,0
2026,1,الجوف,سكاكا,الفاروق,شقة,سكني,40,14945.16,109.76
2026,1,الجوف,القريات,الزيتون,شقة,سكني,19,13320,87.58
2026,1,الجوف,سكاكا,النهضة,دور,سكني,1,21600,92.67
2026,1,الجوف,سكاكا,الورود,محل,تجاري,3,0,0
2026,1,الجوف,سكاكا,الواحة,دور,سكني,3,15000,84.37
2026,1,الجوف,القريات,الرفاع,دور,سكني,8,13166.66,59.61
2026,1,الجوف,طبرجل,الربيع,محل,تجاري,13,0,0
2026,1,الجوف,القريات,الملك فهد,محل,تجاري,12,0,0
2026,1,الجوف,سكاكا,الورود,دور,سكني,2,22800,121.42
2026,1,الجوف,سكاكا,الزهراء,مكتب,تجاري,1,0,0
2026,1,الجوف,سكاكا,الصفاء,شقة,سكني,73,15708.19,114.97
2026,1,الجوف,سكاكا,النخيل,شقة,سكني,152,12616.49,101.56
2026,1,الجوف,اللويزه,اللويزه,استديو,سكني,1,9720,81
2026,1,الجوف,القريات,الياسمين,دور,سكني,5,23040,112.14
2026,1,الجوف,دومة الجندل,الغربي,محل,تجاري,3,0,0
2026,1,الجوف,طبرجل,الخالدية,معرض تجاري,تجاري,3,0,0
2026,1,الجوف,القريات,حصيدة,محل,تجاري,62,0,0
2026,1,الجوف,طبرجل,الخالدية,دور,سكني,1,16800,93.33
2026,1,الجوف,طبرجل,النسيم,شقة,سكني,27,15484,89.82
2026,1,الجوف,ميقوع,ميقوع,محل,تجاري,2,0,0
2026,1,الجوف,سكاكا,العزيزية,شقة,سكني,146,15334.92,124.91
2026,1,الجوف,القريات,الريحان,محل,تجاري,1,0,0
2026,1,الجوف,صوير,الشفاء,شقة,سكني,44,14597.29,113.05
2026,1,الجوف,القريات,العزيزية,محل,تجاري,260,0,0
2026,1,الجوف,سكاكا,الشلهوب,مكتب,تجاري,3,0,0
2026,1,الجوف,سكاكا,المعاقلة,فيلا,سكني,1,36000,72
2026,1,الجوف,طبرجل,الخزامى,شقة,سكني,13,16580,81.56
2026,1,الجوف,سكاكا,الشلهوب,استديو,سكني,1,4200,84
2026,1,الجوف,سكاكا,الصناعية,شقة,سكني,29,10300,90
2026,1,الجوف,سكاكا,التلال,دور,سكني,2,13200,62.3
2026,1,الجوف,سكاكا,الياقوت,شقة,سكني,1,18000,60
2026,1,الجوف,سكاكا,الشفاء,محل,تجاري,99,0,0
2026,1,الجوف,القريات,حصيدة,دور,سكني,15,12872.72,68.82
2026,1,الجوف,القريات,الخزامى,معرض تجاري,تجاري,2,0,0
2026,1,الجوف,سكاكا,الريان,دور,سكني,1,30000,119.94
2026,1,الجوف,سكاكا,الشعيب,دور,سكني,1,30000,200
2026,1,الجوف,القريات,الرفاع,فيلا,سكني,1,36000,72
2026,1,الجوف,سكاكا,الرحمانية,استديو,سكني,32,13116,420.01
2026,1,الجوف,دومة الجندل,الرديفة والرافعية,شقة,سكني,17,13657.14,94.51
2026,1,الجوف,سكاكا,الناصرية,مكتب,تجاري,3,0,0
2026,1,الجوف,سكاكا,السوق,محل,تجاري,67,0,0
2026,1,الجوف,دومة الجندل,الغربي,شقة,سكني,27,11152.38,83.98
2026,1,الجوف,سكاكا,الضاحية,شقة,سكني,7,10200,71.79
2026,1,الجوف,القريات,الواحة,فيلا,سكني,1,20400,68
2026,1,الجوف,سكاكا,الشعيب,محل,تجاري,33,0,0
2026,1,الجوف,القريات,غرناطة,شقة,سكني,3,14000,93.33
2026,1,الجوف,سكاكا,الصفاء,استديو,سكني,2,10800,244
2026,1,الجوف,القريات,الملك فهد,استديو,سكني,2,10200,244
2026,1,الجوف,دومة الجندل,العزيزية,استديو,سكني,3,5100,115.5
2026,1,الجوف,هديب,هديب,محل,تجاري,1,0,0
2026,1,الجوف,سكاكا,النزهة,مكتب,تجاري,4,0,0
2026,1,الجوف,سكاكا,الصفاء,معرض تجاري,تجاري,3,0,0
2026,1,الجوف,سكاكا,الجوهرة,شقة,سكني,45,14919.44,113.38
2026,1,الجوف,دومة الجندل,خذماء,محل,تجاري,5,0,0
2026,1,الجوف,صوير,الفيصلية,شقة,سكني,47,14697.36,110.84
2026,1,الجوف,سكاكا,الصناعية,استديو,سكني,3,14000,264
2026,1,الجوف,القريات,الأمير عبدالاله بن عبدالعزيز,شقة,سكني,173,13652.23,97.23
2026,1,الجوف,القريات,المروج,شقة,سكني,288,12948.65,100.34
2026,1,الجوف,سكاكا,التلال,فيلا,سكني,3,44500,125.35
2026,1,الجوف,دومة الجندل,الصفاة,محل,تجاري,10,0,0
2026,1,الجوف,طبرجل,الزيتون,استديو,سكني,2,4800,32
2026,1,الجوف,الناصفه,الناصفه,شقة,سكني,11,17555.55,89.11
2026,1,الجوف,القريات,الشفاء,مكتب,تجاري,1,0,0
2026,1,الجوف,سكاكا,النخيل,دور,سكني,7,23942.85,90.49
2026,1,الجوف,سكاكا,الضلع,شقة,سكني,29,12697.66,99.08
2026,1,الجوف,سكاكا,النفل,شقة,سكني,22,16705.26,121.67
2026,1,الجوف,سكاكا,الزهور,دور,سكني,1,18000,75
2026,1,الجوف,سكاكا,الشلهوب,معرض تجاري,تجاري,5,0,0
2026,1,الجوف,سكاكا,الفيصلية,شقة,سكني,191,13819.11,109.93
2026,1,الجوف,دومة الجندل,غرب دومة الجندل,محل,تجاري,4,0,0
2026,1,الجوف,دومة الجندل,الغدير,شقة,سكني,23,10736.84,78.04
2026,1,الجوف,ابو عجرم,ابو عجرم,محل,تجاري,7,0,0
2026,1,الجوف,دومة الجندل,الملك فهد,فيلا,سكني,3,16800,80.62
2026,1,الجوف,سكاكا,النور,استديو,سكني,3,8000,142.66
2026,1,الجوف,القريات,العقيلة الجنوبية,شقة,سكني,39,14842.1,114.64
2026,1,الجوف,مركز رديفة الجماجم,مركز رديفة الجماجم,شقة,سكني,1,12000,100
2026,1,الجوف,طبرجل,الورود,دور,سكني,2,18000,51.42
2026,1,الجوف,صوير,الفيصلية,استديو,سكني,2,12000,100
2026,1,الجوف,سكاكا,المطر,استديو,سكني,1,8040,201
2026,1,الجوف,سكاكا,الطوير,استديو,سكني,4,7200,120
2026,1,الجوف,طبرجل,النخيل,شقة,سكني,4,6000,48
2026,1,الجوف,اللويزه,اللويزه,محل,تجاري,4,0,0
2026,1,الجوف,سكاكا,الواحة,فيلا,سكني,4,19399.5,87.88
2026,1,الجوف,القريات,الإزدهار,شقة,سكني,5,12500,110
2026,1,الجوف,سكاكا,الورود,فيلا,سكني,1,18000,30
2026,1,الجوف,الناصفه (النواصره),الناصفه (النواصره),شقة,سكني,2,12300,107
2026,1,الجوف,سكاكا,الرحمانية,فيلا,سكني,3,24666.66,77.37
2026,1,الجوف,سكاكا,السلام,شقة,سكني,148,11827.72,96.28
2026,1,الجوف,طبرجل,الجوهرة,شقة,سكني,2,18000,135
2026,1,الجوف,طبرجل,المنتزة,محل,تجاري,3,0,0
2026,1,الجوف,سكاكا,الشفاء,مكتب,تجاري,2,0,0
2026,1,الجوف,العيساوية,البستان,شقة,سكني,2,13500,102.5
2026,1,الجوف,سكاكا,الفيصلية,استديو,سكني,7,10200,220
2026,1,الجوف,سكاكا,الجوهرة,محل,تجاري,3,0,0
2026,1,الجوف,سكاكا,العروبة,شقة,سكني,18,13693.33,91.3
2026,1,الجوف,سكاكا,المعاقلة,استديو,سكني,1,6000,200
2026,1,الجوف,طبرجل,المروة,دور,سكني,1,9600,80
2026,1,الجوف,سكاكا,النخيل,استديو,سكني,11,12500,140.53
2026,1,الجوف,الفياض,الفياض,محل,تجاري,1,0,0
2026,1,الجوف,طبرجل,النزهة,شقة,سكني,6,15600,118
2026,1,الجوف,القريات,الواحة,محل,تجاري,38,0,0
2026,1,الجوف,العيساوية,السليمانية,شقة,سكني,5,13500,100
2026,1,الجوف,دومة الجندل,الشفاء,دور,سكني,1,12000,80
2026,1,الجوف,سكاكا,الشفاء,معرض تجاري,تجاري,3,0,0
2026,1,الجوف,سكاكا,الروابي,شقة,سكني,8,12000,115.69
2026,1,الجوف,دومة الجندل,التحكيم,محل,تجاري,10,0,0
2026,1,الجوف,النبك ابوقصر,النبك ابوقصر,شقة,سكني,18,16235.29,95.79
2026,1,الجوف,القريات,الورود,محل,تجاري,1,0,0
2026,1,الجوف,مركز رديفة الجماجم,مركز رديفة الجماجم,محل,تجاري,1,0,0
2026,1,الجوف,سكاكا,السليمانية,فيلا,سكني,4,33500,120.48
2026,1,الجوف,القريات,الواحة,دور,سكني,2,14300,85.33
2026,1,الجوف,طبرجل,العزيزية,فيلا,سكني,1,15600,86.66
2026,1,الجوف,سكاكا,الروضة,شقة,سكني,91,14145.78,118.32
2026,1,الجوف,طبرجل,الروابي,شقة,سكني,13,16860,78.5
2026,1,الجوف,صوير,العزيزية,شقة,سكني,16,15050,102.15
2026,1,الجوف,القريات,الواحة,مكتب,تجاري,2,0,0
2026,1,الجوف,طبرجل,الورود,استديو,سكني,1,12000,240
2026,1,الجوف,صوير,الفيصلية,دور,سكني,2,18600,68.44
2026,1,الجوف,سكاكا,المعاقلة,محل,تجاري,37,0,0
2026,1,الجوف,سكاكا,العروبة,معرض تجاري,تجاري,1,0,0
2026,1,الجوف,طبرجل,الخالدية,محل,تجاري,58,0,0
2026,1,الجوف,القريات,الأمير عبدالاله بن عبدالعزيز,محل,تجاري,27,0,0
2026,1,الجوف,طبرجل,المنتزة,فيلا,سكني,1,14400,72
2026,1,الجوف,القريات,الزمرد,محل,تجاري,2,0,0
2026,1,الجوف,سكاكا,النهضة,استديو,سكني,3,12300,306
2026,1,الجوف,العيساوية,السليمانية,محل,تجاري,1,0,0
2026,1,الجوف,سكاكا,الضلع,محل,تجاري,3,0,0
2026,1,الجوف,طبرجل,الروابي,محل,تجاري,2,0,0
2026,1,الجوف,سكاكا,المروج,شقة,سكني,108,13993,115.04
2026,1,الجوف,طبرجل,الحزم,شقة,سكني,1,18000,90
2026,1,الجوف,القريات,الزمرد,دور,سكني,4,22000,112
2026,1,الجوف,دومة الجندل,النزهة,دور,سكني,1,24000,120
2026,1,الجوف,طبرجل,العزيزية,شقة,سكني,129,14734.28,99.14
2026,1,الجوف,سكاكا,الرحمانية,مكتب,تجاري,2,0,0
2026,1,الجوف,القريات,الشفاء,محل,تجاري,78,0,0
2026,1,الجوف,سكاكا,الروضة,استديو,سكني,9,12257.14,172.26
2026,1,الجوف,سكاكا,سلطانة,شقة,سكني,30,13200,93.95
2026,1,الجوف,النباج,النباج,شقة,سكني,6,15600,117.5
2026,1,الجوف,القريات,الشفاء,فيلا,سكني,1,24000,96
